phase,query_type,actor,emotion,bucket,approach,elapsed_seconds,n_files
write,write,,,audio_small,polyglot,0.038173,1
write,write,,,audio_small,pure_mongo,0.009798,1
write,write,,,audio_small,polyglot,0.009119,1
write,write,,,audio_small,pure_mongo,0.009927,1
write,write,,,audio_small,polyglot,0.005743,1
write,write,,,audio_small,pure_mongo,0.005157,1
write,write,,,audio_small,polyglot,0.007865,1
write,write,,,audio_small,pure_mongo,0.005638,1
write,write,,,audio_small,polyglot,0.005681,1
write,write,,,audio_small,pure_mongo,0.004532,1
write,write,,,audio_small,polyglot,0.008508,1
write,write,,,audio_small,pure_mongo,0.008900,1
write,write,,,audio_small,polyglot,0.005437,1
write,write,,,audio_small,pure_mongo,0.004398,1
write,write,,,audio_small,polyglot,0.005293,1
write,write,,,audio_small,pure_mongo,0.006080,1
write,write,,,audio_small,polyglot,0.005847,1
write,write,,,audio_small,pure_mongo,0.004507,1
write,write,,,audio_small,polyglot,0.007507,1
write,write,,,audio_small,pure_mongo,0.005202,1
write,write,,,video_medium,polyglot,0.054272,1
write,write,,,video_medium,pure_mongo,0.046981,1
write,write,,,video_medium,polyglot,0.072527,1
write,write,,,video_medium,pure_mongo,0.042797,1
write,write,,,video_medium,polyglot,0.060008,1
write,write,,,video_medium,pure_mongo,0.075961,1
write,write,,,video_medium,polyglot,0.045743,1
write,write,,,video_medium,pure_mongo,0.042391,1
write,write,,,video_medium,polyglot,0.057031,1
write,write,,,video_medium,pure_mongo,0.063360,1
write,write,,,video_medium,polyglot,0.053966,1
write,write,,,video_medium,pure_mongo,0.049371,1
write,write,,,video_medium,polyglot,0.046155,1
write,write,,,video_medium,pure_mongo,0.048909,1
write,write,,,video_medium,polyglot,0.051106,1
write,write,,,video_medium,pure_mongo,0.047920,1
write,write,,,video_medium,polyglot,0.051075,1
write,write,,,video_medium,pure_mongo,0.045013,1
write,write,,,video_medium,polyglot,0.049431,1
write,write,,,video_medium,pure_mongo,0.057536,1
write,write,,,video_large,polyglot,0.115809,1
write,write,,,video_large,pure_mongo,0.102668,1
write,write,,,video_large,polyglot,0.128887,1
write,write,,,video_large,pure_mongo,0.106812,1
write,write,,,video_large,polyglot,0.179792,1
write,write,,,video_large,pure_mongo,2.151688,1
write,write,,,video_large,polyglot,0.126496,1
write,write,,,video_large,pure_mongo,0.120464,1
write,write,,,video_large,polyglot,0.188923,1
write,write,,,video_large,pure_mongo,0.123940,1
write,write,,,video_large,polyglot,0.187855,1
write,write,,,video_large,pure_mongo,0.144634,1
write,write,,,video_large,polyglot,0.420420,1
write,write,,,video_large,pure_mongo,0.106029,1
write,write,,,video_large,polyglot,0.208031,1
write,write,,,video_large,pure_mongo,0.096010,1
write,write,,,video_large,polyglot,0.228048,1
write,write,,,video_large,pure_mongo,0.173736,1
write,write,,,video_large,polyglot,0.207668,1
write,write,,,video_large,pure_mongo,0.152829,1
write,write,,,audio_small,polyglot,0.091764,1
write,write,,,audio_small,pure_mongo,0.007593,1
write,write,,,audio_small,polyglot,0.006577,1
write,write,,,audio_small,pure_mongo,0.006866,1
write,write,,,audio_small,polyglot,0.005899,1
write,write,,,audio_small,pure_mongo,0.006002,1
write,write,,,audio_small,polyglot,0.005656,1
write,write,,,audio_small,pure_mongo,0.004810,1
write,write,,,audio_small,polyglot,0.005667,1
write,write,,,audio_small,pure_mongo,0.006061,1
write,write,,,audio_small,polyglot,0.010873,1
write,write,,,audio_small,pure_mongo,0.009202,1
write,write,,,audio_small,polyglot,0.005289,1
write,write,,,audio_small,pure_mongo,0.004804,1
write,write,,,audio_small,polyglot,0.016821,1
write,write,,,audio_small,pure_mongo,0.007081,1
write,write,,,audio_small,polyglot,0.008493,1
write,write,,,audio_small,pure_mongo,0.006115,1
write,write,,,audio_small,polyglot,0.007760,1
write,write,,,audio_small,pure_mongo,0.006275,1
write,write,,,video_medium,polyglot,0.053682,1
write,write,,,video_medium,pure_mongo,0.054483,1
write,write,,,video_medium,polyglot,0.066553,1
write,write,,,video_medium,pure_mongo,0.066050,1
write,write,,,video_medium,polyglot,0.066784,1
write,write,,,video_medium,pure_mongo,0.048452,1
write,write,,,video_medium,polyglot,0.053778,1
write,write,,,video_medium,pure_mongo,0.058274,1
write,write,,,video_medium,polyglot,0.088288,1
write,write,,,video_medium,pure_mongo,0.053821,1
write,write,,,video_medium,polyglot,0.062939,1
write,write,,,video_medium,pure_mongo,0.053667,1
write,write,,,video_medium,polyglot,0.083812,1
write,write,,,video_medium,pure_mongo,0.060732,1
write,write,,,video_medium,polyglot,0.092922,1
write,write,,,video_medium,pure_mongo,0.057196,1
write,write,,,video_medium,polyglot,0.051680,1
write,write,,,video_medium,pure_mongo,0.065255,1
write,write,,,video_medium,polyglot,2.132658,1
write,write,,,video_medium,pure_mongo,0.059631,1
write,write,,,video_large,polyglot,0.117498,1
write,write,,,video_large,pure_mongo,0.138344,1
write,write,,,video_large,polyglot,0.141463,1
write,write,,,video_large,pure_mongo,0.193565,1
write,write,,,video_large,polyglot,0.156055,1
write,write,,,video_large,pure_mongo,0.157889,1
write,write,,,video_large,polyglot,0.097523,1
write,write,,,video_large,pure_mongo,0.089578,1
write,write,,,video_large,polyglot,0.186900,1
write,write,,,video_large,pure_mongo,0.119495,1
write,write,,,video_large,polyglot,0.167403,1
write,write,,,video_large,pure_mongo,0.142377,1
write,write,,,video_large,polyglot,0.118381,1
write,write,,,video_large,pure_mongo,1.928365,1
write,write,,,video_large,polyglot,0.144641,1
write,write,,,video_large,pure_mongo,0.128843,1
write,write,,,video_large,polyglot,0.206911,1
write,write,,,video_large,pure_mongo,0.194637,1
write,write,,,video_large,polyglot,0.169029,1
write,write,,,video_large,pure_mongo,0.193380,1
write,write,,,audio_small,polyglot,0.175298,1
write,write,,,audio_small,pure_mongo,0.010664,1
write,write,,,audio_small,polyglot,0.016703,1
write,write,,,audio_small,pure_mongo,0.005515,1
write,write,,,audio_small,polyglot,0.014513,1
write,write,,,audio_small,pure_mongo,0.005859,1
write,write,,,audio_small,polyglot,0.005670,1
write,write,,,audio_small,pure_mongo,0.008320,1
write,write,,,audio_small,polyglot,0.007405,1
write,write,,,audio_small,pure_mongo,0.005305,1
write,write,,,audio_small,polyglot,0.014878,1
write,write,,,audio_small,pure_mongo,0.009772,1
write,write,,,audio_small,polyglot,0.006113,1
write,write,,,audio_small,pure_mongo,0.004542,1
write,write,,,audio_small,polyglot,0.005089,1
write,write,,,audio_small,pure_mongo,0.004416,1
write,write,,,audio_small,polyglot,0.008880,1
write,write,,,audio_small,pure_mongo,0.006924,1
write,write,,,audio_small,polyglot,0.028680,1
write,write,,,audio_small,pure_mongo,0.058611,1
write,write,,,video_medium,polyglot,0.108171,1
write,write,,,video_medium,pure_mongo,0.064562,1
write,write,,,video_medium,polyglot,0.125764,1
write,write,,,video_medium,pure_mongo,0.056265,1
write,write,,,video_medium,polyglot,0.058701,1
write,write,,,video_medium,pure_mongo,0.057434,1
write,write,,,video_medium,polyglot,0.079260,1
write,write,,,video_medium,pure_mongo,0.106474,1
write,write,,,video_medium,polyglot,0.114577,1
write,write,,,video_medium,pure_mongo,0.091102,1
write,write,,,video_medium,polyglot,0.064241,1
write,write,,,video_medium,pure_mongo,0.063285,1
write,write,,,video_medium,polyglot,0.070168,1
write,write,,,video_medium,pure_mongo,0.060374,1
write,write,,,video_medium,polyglot,0.065681,1
write,write,,,video_medium,pure_mongo,0.055468,1
write,write,,,video_medium,polyglot,0.075957,1
write,write,,,video_medium,pure_mongo,0.047686,1
write,write,,,video_medium,polyglot,0.074459,1
write,write,,,video_medium,pure_mongo,0.067226,1
write,write,,,video_large,polyglot,0.124834,1
write,write,,,video_large,pure_mongo,0.136503,1
write,write,,,video_large,polyglot,0.112210,1
write,write,,,video_large,pure_mongo,0.119160,1
write,write,,,video_large,polyglot,0.155296,1
write,write,,,video_large,pure_mongo,0.172818,1
write,write,,,video_large,polyglot,0.157181,1
write,write,,,video_large,pure_mongo,2.211891,1
write,write,,,video_large,polyglot,0.169082,1
write,write,,,video_large,pure_mongo,0.156701,1
write,write,,,video_large,polyglot,0.147745,1
write,write,,,video_large,pure_mongo,0.185665,1
write,write,,,video_large,polyglot,0.110992,1
write,write,,,video_large,pure_mongo,0.152218,1
write,write,,,video_large,polyglot,0.112035,1
write,write,,,video_large,pure_mongo,0.132453,1
write,write,,,video_large,polyglot,0.180955,1
write,write,,,video_large,pure_mongo,0.167492,1
write,write,,,video_large,polyglot,0.123793,1
write,write,,,video_large,pure_mongo,0.134095,1
write,write,,,audio_small,polyglot,0.008492,1
write,write,,,audio_small,pure_mongo,0.006123,1
write,write,,,audio_small,polyglot,0.006214,1
write,write,,,audio_small,pure_mongo,0.005097,1
write,write,,,audio_small,polyglot,0.004740,1
write,write,,,audio_small,pure_mongo,0.005455,1
write,write,,,audio_small,polyglot,0.008226,1
write,write,,,audio_small,pure_mongo,0.006279,1
write,write,,,audio_small,polyglot,0.028831,1
write,write,,,audio_small,pure_mongo,0.005578,1
write,write,,,audio_small,polyglot,0.009748,1
write,write,,,audio_small,pure_mongo,0.008218,1
write,write,,,audio_small,polyglot,0.005992,1
write,write,,,audio_small,pure_mongo,0.004966,1
write,write,,,audio_small,polyglot,0.005368,1
write,write,,,audio_small,pure_mongo,0.004774,1
write,write,,,audio_small,polyglot,0.005875,1
write,write,,,audio_small,pure_mongo,0.004839,1
write,write,,,audio_small,polyglot,0.005405,1
write,write,,,audio_small,pure_mongo,0.275061,1
write,write,,,video_medium,polyglot,1.532324,1
write,write,,,video_medium,pure_mongo,0.064609,1
write,write,,,video_medium,polyglot,0.076386,1
write,write,,,video_medium,pure_mongo,0.049860,1
write,write,,,video_medium,polyglot,0.150346,1
write,write,,,video_medium,pure_mongo,0.072772,1
write,write,,,video_medium,polyglot,0.096692,1
write,write,,,video_medium,pure_mongo,0.078845,1
write,write,,,video_medium,polyglot,0.092124,1
write,write,,,video_medium,pure_mongo,0.046337,1
write,write,,,video_medium,polyglot,0.132410,1
write,write,,,video_medium,pure_mongo,0.060484,1
write,write,,,video_medium,polyglot,0.118904,1
write,write,,,video_medium,pure_mongo,0.078343,1
write,write,,,video_medium,polyglot,0.102534,1
write,write,,,video_medium,pure_mongo,0.049381,1
write,write,,,video_medium,polyglot,0.096293,1
write,write,,,video_medium,pure_mongo,0.056793,1
write,write,,,video_medium,polyglot,0.079367,1
write,write,,,video_medium,pure_mongo,0.047153,1
write,write,,,video_large,polyglot,0.121538,1
write,write,,,video_large,pure_mongo,0.117393,1
write,write,,,video_large,polyglot,0.120596,1
write,write,,,video_large,pure_mongo,0.113172,1
write,write,,,video_large,polyglot,2.149429,1
write,write,,,video_large,pure_mongo,0.169107,1
write,write,,,video_large,polyglot,0.205251,1
write,write,,,video_large,pure_mongo,0.120967,1
write,write,,,video_large,polyglot,0.563500,1
write,write,,,video_large,pure_mongo,0.141167,1
write,write,,,video_large,polyglot,0.908653,1
write,write,,,video_large,pure_mongo,0.156104,1
write,write,,,video_large,polyglot,1.874504,1
write,write,,,video_large,pure_mongo,0.201724,1
write,write,,,video_large,polyglot,0.695293,1
write,write,,,video_large,pure_mongo,0.114787,1
write,write,,,video_large,polyglot,0.259734,1
write,write,,,video_large,pure_mongo,0.153588,1
write,write,,,video_large,polyglot,0.149704,1
write,write,,,video_large,pure_mongo,0.122914,1
write,write,,,audio_small,polyglot,0.009797,1
write,write,,,audio_small,pure_mongo,0.010441,1
write,write,,,audio_small,polyglot,0.011731,1
write,write,,,audio_small,pure_mongo,0.007063,1
write,write,,,audio_small,polyglot,0.005447,1
write,write,,,audio_small,pure_mongo,0.004168,1
write,write,,,audio_small,polyglot,0.004428,1
write,write,,,audio_small,pure_mongo,0.003566,1
write,write,,,audio_small,polyglot,0.005188,1
write,write,,,audio_small,pure_mongo,0.004370,1
write,write,,,audio_small,polyglot,0.014332,1
write,write,,,audio_small,pure_mongo,0.007525,1
write,write,,,audio_small,polyglot,0.008016,1
write,write,,,audio_small,pure_mongo,0.006197,1
write,write,,,audio_small,polyglot,0.005715,1
write,write,,,audio_small,pure_mongo,0.004010,1
write,write,,,audio_small,polyglot,0.095157,1
write,write,,,audio_small,pure_mongo,0.005312,1
write,write,,,audio_small,polyglot,0.005405,1
write,write,,,audio_small,pure_mongo,0.004254,1
write,write,,,video_medium,polyglot,0.048686,1
write,write,,,video_medium,pure_mongo,0.042103,1
write,write,,,video_medium,polyglot,0.054768,1
write,write,,,video_medium,pure_mongo,0.060637,1
write,write,,,video_medium,polyglot,0.049178,1
write,write,,,video_medium,pure_mongo,0.041710,1
write,write,,,video_medium,polyglot,0.039522,1
write,write,,,video_medium,pure_mongo,0.054116,1
write,write,,,video_medium,polyglot,0.049588,1
write,write,,,video_medium,pure_mongo,0.040783,1
write,write,,,video_medium,polyglot,0.104140,1
write,write,,,video_medium,pure_mongo,0.056336,1
write,write,,,video_medium,polyglot,0.045676,1
write,write,,,video_medium,pure_mongo,0.049900,1
write,write,,,video_medium,polyglot,0.044914,1
write,write,,,video_medium,pure_mongo,0.042757,1
write,write,,,video_medium,polyglot,0.045982,1
write,write,,,video_medium,pure_mongo,0.052196,1
write,write,,,video_medium,polyglot,0.056489,1
write,write,,,video_medium,pure_mongo,0.059225,1
write,write,,,video_large,polyglot,0.190319,1
write,write,,,video_large,pure_mongo,0.104959,1
write,write,,,video_large,polyglot,0.140884,1
write,write,,,video_large,pure_mongo,0.113835,1
write,write,,,video_large,polyglot,0.213709,1
write,write,,,video_large,pure_mongo,0.144787,1
write,write,,,video_large,polyglot,0.204785,1
write,write,,,video_large,pure_mongo,0.096542,1
write,write,,,video_large,polyglot,0.119772,1
write,write,,,video_large,pure_mongo,0.107604,1
write,write,,,video_large,polyglot,0.133789,1
write,write,,,video_large,pure_mongo,0.146040,1
write,write,,,video_large,polyglot,0.117536,1
write,write,,,video_large,pure_mongo,0.105680,1
write,write,,,video_large,polyglot,0.096056,1
write,write,,,video_large,pure_mongo,0.102062,1
write,write,,,video_large,polyglot,0.150257,1
write,write,,,video_large,pure_mongo,0.153082,1
write,write,,,video_large,polyglot,0.122524,1
write,write,,,video_large,pure_mongo,0.120971,1
write,write,,,audio_small,polyglot,0.018154,1
write,write,,,audio_small,pure_mongo,2.083118,1
write,write,,,audio_small,polyglot,0.014809,1
write,write,,,audio_small,pure_mongo,0.007554,1
write,write,,,audio_small,polyglot,0.008734,1
write,write,,,audio_small,pure_mongo,0.008320,1
write,write,,,audio_small,polyglot,0.009253,1
write,write,,,audio_small,pure_mongo,0.006780,1
write,write,,,audio_small,polyglot,0.007221,1
write,write,,,audio_small,pure_mongo,0.006035,1
write,write,,,audio_small,polyglot,0.010353,1
write,write,,,audio_small,pure_mongo,0.010172,1
write,write,,,audio_small,polyglot,0.006421,1
write,write,,,audio_small,pure_mongo,0.005280,1
write,write,,,audio_small,polyglot,0.006160,1
write,write,,,audio_small,pure_mongo,0.007116,1
write,write,,,audio_small,polyglot,0.007009,1
write,write,,,audio_small,pure_mongo,0.006534,1
write,write,,,audio_small,polyglot,0.006867,1
write,write,,,audio_small,pure_mongo,0.005810,1
write,write,,,video_medium,polyglot,0.051383,1
write,write,,,video_medium,pure_mongo,0.048231,1
write,write,,,video_medium,polyglot,0.050976,1
write,write,,,video_medium,pure_mongo,0.057321,1
write,write,,,video_medium,polyglot,0.049487,1
write,write,,,video_medium,pure_mongo,0.045903,1
write,write,,,video_medium,polyglot,0.045312,1
write,write,,,video_medium,pure_mongo,0.047491,1
write,write,,,video_medium,polyglot,0.067553,1
write,write,,,video_medium,pure_mongo,0.061263,1
write,write,,,video_medium,polyglot,0.083423,1
write,write,,,video_medium,pure_mongo,0.052248,1
write,write,,,video_medium,polyglot,0.053999,1
write,write,,,video_medium,pure_mongo,0.047358,1
write,write,,,video_medium,polyglot,0.081105,1
write,write,,,video_medium,pure_mongo,0.042284,1
write,write,,,video_medium,polyglot,0.049712,1
write,write,,,video_medium,pure_mongo,0.047064,1
write,write,,,video_medium,polyglot,0.060927,1
write,write,,,video_medium,pure_mongo,0.049929,1
write,write,,,video_large,polyglot,0.097051,1
write,write,,,video_large,pure_mongo,0.105085,1
write,write,,,video_large,polyglot,0.112180,1
write,write,,,video_large,pure_mongo,0.109687,1
write,write,,,video_large,polyglot,0.139749,1
write,write,,,video_large,pure_mongo,0.141666,1
write,write,,,video_large,polyglot,1.406065,1
write,write,,,video_large,pure_mongo,0.091279,1
write,write,,,video_large,polyglot,0.195726,1
write,write,,,video_large,pure_mongo,0.124672,1
write,write,,,video_large,polyglot,0.197298,1
write,write,,,video_large,pure_mongo,0.144030,1
write,write,,,video_large,polyglot,0.285396,1
write,write,,,video_large,pure_mongo,0.107465,1
write,write,,,video_large,polyglot,0.121370,1
write,write,,,video_large,pure_mongo,0.096149,1
write,write,,,video_large,polyglot,0.218527,1
write,write,,,video_large,pure_mongo,0.145218,1
write,write,,,video_large,polyglot,0.730386,1
write,write,,,video_large,pure_mongo,0.136415,1
write,write,,,audio_small,polyglot,0.087445,1
write,write,,,audio_small,pure_mongo,0.005025,1
write,write,,,audio_small,polyglot,0.004828,1
write,write,,,audio_small,pure_mongo,0.003887,1
write,write,,,audio_small,polyglot,0.004768,1
write,write,,,audio_small,pure_mongo,0.003703,1
write,write,,,audio_small,polyglot,0.004976,1
write,write,,,audio_small,pure_mongo,0.004010,1
write,write,,,audio_small,polyglot,0.004768,1
write,write,,,audio_small,pure_mongo,0.004202,1
write,write,,,audio_small,polyglot,0.008301,1
write,write,,,audio_small,pure_mongo,0.011028,1
write,write,,,audio_small,polyglot,0.005991,1
write,write,,,audio_small,pure_mongo,0.005155,1
write,write,,,audio_small,polyglot,0.005579,1
write,write,,,audio_small,pure_mongo,0.005053,1
write,write,,,audio_small,polyglot,0.006137,1
write,write,,,audio_small,pure_mongo,0.004939,1
write,write,,,audio_small,polyglot,0.010391,1
write,write,,,audio_small,pure_mongo,0.009324,1
write,write,,,video_medium,polyglot,0.044156,1
write,write,,,video_medium,pure_mongo,0.042908,1
write,write,,,video_medium,polyglot,0.048209,1
write,write,,,video_medium,pure_mongo,0.078091,1
write,write,,,video_medium,polyglot,0.064310,1
write,write,,,video_medium,pure_mongo,0.043076,1
write,write,,,video_medium,polyglot,0.049688,1
write,write,,,video_medium,pure_mongo,0.049774,1
write,write,,,video_medium,polyglot,0.102092,1
write,write,,,video_medium,pure_mongo,0.051957,1
write,write,,,video_medium,polyglot,0.204341,1
write,write,,,video_medium,pure_mongo,0.054912,1
write,write,,,video_medium,polyglot,0.172332,1
write,write,,,video_medium,pure_mongo,0.044211,1
write,write,,,video_medium,polyglot,0.052590,1
write,write,,,video_medium,pure_mongo,0.048540,1
write,write,,,video_medium,polyglot,0.057937,1
write,write,,,video_medium,pure_mongo,0.047729,1
write,write,,,video_medium,polyglot,0.075727,1
write,write,,,video_medium,pure_mongo,0.058484,1
write,write,,,video_large,polyglot,0.099891,1
write,write,,,video_large,pure_mongo,0.109901,1
write,write,,,video_large,polyglot,0.109088,1
write,write,,,video_large,pure_mongo,0.112153,1
write,write,,,video_large,polyglot,2.142119,1
write,write,,,video_large,pure_mongo,0.344600,1
write,write,,,video_large,polyglot,0.181317,1
write,write,,,video_large,pure_mongo,0.123360,1
write,write,,,video_large,polyglot,0.145355,1
write,write,,,video_large,pure_mongo,0.131597,1
write,write,,,video_large,polyglot,0.184210,1
write,write,,,video_large,pure_mongo,0.135885,1
write,write,,,video_large,polyglot,0.115358,1
write,write,,,video_large,pure_mongo,0.114011,1
write,write,,,video_large,polyglot,0.151765,1
write,write,,,video_large,pure_mongo,0.095767,1
write,write,,,video_large,polyglot,0.165863,1
write,write,,,video_large,pure_mongo,0.986510,1
write,write,,,video_large,polyglot,0.174443,1
write,write,,,video_large,pure_mongo,0.134017,1
write,write,,,audio_small,polyglot,0.007463,1
write,write,,,audio_small,pure_mongo,0.007171,1
write,write,,,audio_small,polyglot,0.032222,1
write,write,,,audio_small,pure_mongo,0.007410,1
write,write,,,audio_small,polyglot,0.004935,1
write,write,,,audio_small,pure_mongo,0.003986,1
write,write,,,audio_small,polyglot,0.004165,1
write,write,,,audio_small,pure_mongo,0.003457,1
write,write,,,audio_small,polyglot,0.004423,1
write,write,,,audio_small,pure_mongo,0.003800,1
write,write,,,audio_small,polyglot,0.007188,1
write,write,,,audio_small,pure_mongo,0.008219,1
write,write,,,audio_small,polyglot,0.008423,1
write,write,,,audio_small,pure_mongo,0.004088,1
write,write,,,audio_small,polyglot,0.004722,1
write,write,,,audio_small,pure_mongo,0.005386,1
write,write,,,audio_small,polyglot,0.005404,1
write,write,,,audio_small,pure_mongo,0.005450,1
write,write,,,audio_small,polyglot,0.005790,1
write,write,,,audio_small,pure_mongo,0.021659,1
write,write,,,video_medium,polyglot,0.044464,1
write,write,,,video_medium,pure_mongo,0.043853,1
write,write,,,video_medium,polyglot,0.047415,1
write,write,,,video_medium,pure_mongo,0.046989,1
write,write,,,video_medium,polyglot,0.047637,1
write,write,,,video_medium,pure_mongo,0.044501,1
write,write,,,video_medium,polyglot,0.044236,1
write,write,,,video_medium,pure_mongo,0.041101,1
write,write,,,video_medium,polyglot,0.052325,1
write,write,,,video_medium,pure_mongo,0.055752,1
write,write,,,video_medium,polyglot,0.145711,1
write,write,,,video_medium,pure_mongo,0.051094,1
write,write,,,video_medium,polyglot,0.085515,1
write,write,,,video_medium,pure_mongo,0.046649,1
write,write,,,video_medium,polyglot,0.097918,1
write,write,,,video_medium,pure_mongo,0.041645,1
write,write,,,video_medium,polyglot,0.042427,1
write,write,,,video_medium,pure_mongo,0.043959,1
write,write,,,video_medium,polyglot,0.069966,1
write,write,,,video_medium,pure_mongo,0.049080,1
write,write,,,video_large,polyglot,0.097070,1
write,write,,,video_large,pure_mongo,0.090489,1
write,write,,,video_large,polyglot,0.119806,1
write,write,,,video_large,pure_mongo,0.116142,1
write,write,,,video_large,polyglot,0.171435,1
write,write,,,video_large,pure_mongo,0.136003,1
write,write,,,video_large,polyglot,0.103789,1
write,write,,,video_large,pure_mongo,0.092063,1
write,write,,,video_large,polyglot,0.106299,1
write,write,,,video_large,pure_mongo,0.111157,1
write,write,,,video_large,polyglot,0.129570,1
write,write,,,video_large,pure_mongo,0.128803,1
write,write,,,video_large,polyglot,2.138697,1
write,write,,,video_large,pure_mongo,0.091445,1
write,write,,,video_large,polyglot,0.120880,1
write,write,,,video_large,pure_mongo,0.090964,1
write,write,,,video_large,polyglot,0.153710,1
write,write,,,video_large,pure_mongo,0.154492,1
write,write,,,video_large,polyglot,0.131157,1
write,write,,,video_large,pure_mongo,0.130861,1
write,write,,,audio_small,polyglot,0.008400,1
write,write,,,audio_small,pure_mongo,0.006632,1
write,write,,,audio_small,polyglot,0.010697,1
write,write,,,audio_small,pure_mongo,0.012506,1
write,write,,,audio_small,polyglot,0.007088,1
write,write,,,audio_small,pure_mongo,0.004175,1
write,write,,,audio_small,polyglot,0.004150,1
write,write,,,audio_small,pure_mongo,0.003517,1
write,write,,,audio_small,polyglot,0.004513,1
write,write,,,audio_small,pure_mongo,0.003745,1
write,write,,,audio_small,polyglot,0.009094,1
write,write,,,audio_small,pure_mongo,0.007152,1
write,write,,,audio_small,polyglot,0.021695,1
write,write,,,audio_small,pure_mongo,0.005266,1
write,write,,,audio_small,polyglot,0.023005,1
write,write,,,audio_small,pure_mongo,0.011593,1
write,write,,,audio_small,polyglot,0.006941,1
write,write,,,audio_small,pure_mongo,0.004882,1
write,write,,,audio_small,polyglot,0.005436,1
write,write,,,audio_small,pure_mongo,0.004886,1
write,write,,,video_medium,polyglot,0.040806,1
write,write,,,video_medium,pure_mongo,0.041297,1
write,write,,,video_medium,polyglot,0.041602,1
write,write,,,video_medium,pure_mongo,0.045839,1
write,write,,,video_medium,polyglot,0.047879,1
write,write,,,video_medium,pure_mongo,0.050832,1
write,write,,,video_medium,polyglot,0.064681,1
write,write,,,video_medium,pure_mongo,0.056405,1
write,write,,,video_medium,polyglot,0.070790,1
write,write,,,video_medium,pure_mongo,0.041210,1
write,write,,,video_medium,polyglot,0.084992,1
write,write,,,video_medium,pure_mongo,0.046746,1
write,write,,,video_medium,polyglot,0.043668,1
write,write,,,video_medium,pure_mongo,0.045772,1
write,write,,,video_medium,polyglot,0.067831,1
write,write,,,video_medium,pure_mongo,0.072744,1
write,write,,,video_medium,polyglot,0.059999,1
write,write,,,video_medium,pure_mongo,2.101523,1
write,write,,,video_medium,polyglot,0.070430,1
write,write,,,video_medium,pure_mongo,0.056195,1
write,write,,,video_large,polyglot,0.153331,1
write,write,,,video_large,pure_mongo,0.102754,1
write,write,,,video_large,polyglot,0.159473,1
write,write,,,video_large,pure_mongo,0.120220,1
write,write,,,video_large,polyglot,0.213735,1
write,write,,,video_large,pure_mongo,0.158299,1
write,write,,,video_large,polyglot,0.141017,1
write,write,,,video_large,pure_mongo,0.119600,1
write,write,,,video_large,polyglot,0.117286,1
write,write,,,video_large,pure_mongo,0.117735,1
write,write,,,video_large,polyglot,0.524252,1
write,write,,,video_large,pure_mongo,0.135854,1
write,write,,,video_large,polyglot,0.162965,1
write,write,,,video_large,pure_mongo,0.121302,1
write,write,,,video_large,polyglot,0.092652,1
write,write,,,video_large,pure_mongo,0.107773,1
write,write,,,video_large,polyglot,0.162613,1
write,write,,,video_large,pure_mongo,0.148127,1
write,write,,,video_large,polyglot,0.183686,1
write,write,,,video_large,pure_mongo,0.122752,1
write,write,,,audio_small,polyglot,0.011736,1
write,write,,,audio_small,pure_mongo,0.006356,1
write,write,,,audio_small,polyglot,0.005299,1
write,write,,,audio_small,pure_mongo,0.005511,1
write,write,,,audio_small,polyglot,0.005279,1
write,write,,,audio_small,pure_mongo,0.004807,1
write,write,,,audio_small,polyglot,0.005528,1
write,write,,,audio_small,pure_mongo,0.004100,1
write,write,,,audio_small,polyglot,0.005319,1
write,write,,,audio_small,pure_mongo,0.004054,1
write,write,,,audio_small,polyglot,0.007329,1
write,write,,,audio_small,pure_mongo,0.007188,1
write,write,,,audio_small,polyglot,0.052615,1
write,write,,,audio_small,pure_mongo,0.006216,1
write,write,,,audio_small,polyglot,0.005527,1
write,write,,,audio_small,pure_mongo,0.004875,1
write,write,,,audio_small,polyglot,0.006003,1
write,write,,,audio_small,pure_mongo,0.006803,1
write,write,,,audio_small,polyglot,0.006496,1
write,write,,,audio_small,pure_mongo,0.005871,1
write,write,,,video_medium,polyglot,0.042512,1
write,write,,,video_medium,pure_mongo,0.043475,1
write,write,,,video_medium,polyglot,0.042681,1
write,write,,,video_medium,pure_mongo,0.039439,1
write,write,,,video_medium,polyglot,0.050738,1
write,write,,,video_medium,pure_mongo,0.040590,1
write,write,,,video_medium,polyglot,0.043656,1
write,write,,,video_medium,pure_mongo,0.040794,1
write,write,,,video_medium,polyglot,0.046013,1
write,write,,,video_medium,pure_mongo,0.057308,1
write,write,,,video_medium,polyglot,2.106886,1
write,write,,,video_medium,pure_mongo,0.082261,1
write,write,,,video_medium,polyglot,0.048175,1
write,write,,,video_medium,pure_mongo,0.053418,1
write,write,,,video_medium,polyglot,0.077597,1
write,write,,,video_medium,pure_mongo,0.042961,1
write,write,,,video_medium,polyglot,0.045804,1
write,write,,,video_medium,pure_mongo,0.054461,1
write,write,,,video_medium,polyglot,0.053634,1
write,write,,,video_medium,pure_mongo,0.056005,1
write,write,,,video_large,polyglot,0.114861,1
write,write,,,video_large,pure_mongo,0.098567,1
write,write,,,video_large,polyglot,0.114885,1
write,write,,,video_large,pure_mongo,0.109492,1
write,write,,,video_large,polyglot,0.137192,1
write,write,,,video_large,pure_mongo,0.152032,1
write,write,,,video_large,polyglot,0.096407,1
write,write,,,video_large,pure_mongo,0.088554,1
write,write,,,video_large,polyglot,0.113113,1
write,write,,,video_large,pure_mongo,0.120224,1
write,write,,,video_large,polyglot,0.133184,1
write,write,,,video_large,pure_mongo,0.134506,1
write,write,,,video_large,polyglot,2.120353,1
write,write,,,video_large,pure_mongo,0.128940,1
write,write,,,video_large,polyglot,0.105150,1
write,write,,,video_large,pure_mongo,0.124201,1
write,write,,,video_large,polyglot,0.150778,1
write,write,,,video_large,pure_mongo,0.155431,1
write,write,,,video_large,polyglot,0.112804,1
write,write,,,video_large,pure_mongo,0.123860,1
query,metadata_only,1,1,,polyglot_pg,0.001164,50
query,metadata_only,1,1,,pure_mongo,0.004768,50
query,metadata_only,1,2,,polyglot_pg,0.000361,60
query,metadata_only,1,2,,pure_mongo,0.001786,60
query,metadata_only,2,2,,polyglot_pg,0.000357,10
query,metadata_only,2,2,,pure_mongo,0.001431,10
query,metadata_only,3,3,,polyglot_pg,0.001194,10
query,metadata_only,3,3,,pure_mongo,0.000588,10
query,metadata_only,4,4,,polyglot_pg,0.000245,10
query,metadata_only,4,4,,pure_mongo,0.002089,10
query,metadata_only,5,5,,polyglot_pg,0.000531,10
query,metadata_only,5,5,,pure_mongo,0.000734,10
query,metadata_only,6,6,,polyglot_pg,0.000303,10
query,metadata_only,6,6,,pure_mongo,0.000707,10
query,metadata_only,7,1,,polyglot_pg,0.000347,40
query,metadata_only,7,1,,pure_mongo,0.003754,40
query,metadata_only,7,2,,polyglot_pg,0.001330,60
query,metadata_only,7,2,,pure_mongo,0.003071,60
query,metadata_only,7,7,,polyglot_pg,0.000379,10
query,metadata_only,7,7,,pure_mongo,0.000951,10
query,metadata_only,1,1,,polyglot_pg,0.000358,50
query,metadata_only,1,1,,pure_mongo,0.000613,50
query,metadata_only,1,2,,polyglot_pg,0.000308,60
query,metadata_only,1,2,,pure_mongo,0.000547,60
query,metadata_only,2,2,,polyglot_pg,0.000198,10
query,metadata_only,2,2,,pure_mongo,0.000640,10
query,metadata_only,3,3,,polyglot_pg,0.000205,10
query,metadata_only,3,3,,pure_mongo,0.000475,10
query,metadata_only,4,4,,polyglot_pg,0.000200,10
query,metadata_only,4,4,,pure_mongo,0.000448,10
query,metadata_only,5,5,,polyglot_pg,0.000180,10
query,metadata_only,5,5,,pure_mongo,0.000469,10
query,metadata_only,6,6,,polyglot_pg,0.000195,10
query,metadata_only,6,6,,pure_mongo,0.000462,10
query,metadata_only,7,1,,polyglot_pg,0.000259,40
query,metadata_only,7,1,,pure_mongo,0.000511,40
query,metadata_only,7,2,,polyglot_pg,0.000249,60
query,metadata_only,7,2,,pure_mongo,0.000634,60
query,metadata_only,7,7,,polyglot_pg,0.000256,10
query,metadata_only,7,7,,pure_mongo,0.000477,10
query,metadata_only,1,1,,polyglot_pg,0.000239,50
query,metadata_only,1,1,,pure_mongo,0.000541,50
query,metadata_only,1,2,,polyglot_pg,0.000238,60
query,metadata_only,1,2,,pure_mongo,0.000512,60
query,metadata_only,2,2,,polyglot_pg,0.000412,10
query,metadata_only,2,2,,pure_mongo,0.000806,10
query,metadata_only,3,3,,polyglot_pg,0.000240,10
query,metadata_only,3,3,,pure_mongo,0.000632,10
query,metadata_only,4,4,,polyglot_pg,0.000203,10
query,metadata_only,4,4,,pure_mongo,0.000532,10
query,metadata_only,5,5,,polyglot_pg,0.000241,10
query,metadata_only,5,5,,pure_mongo,0.000530,10
query,metadata_only,6,6,,polyglot_pg,0.000179,10
query,metadata_only,6,6,,pure_mongo,0.000594,10
query,metadata_only,7,1,,polyglot_pg,0.000274,40
query,metadata_only,7,1,,pure_mongo,0.000534,40
query,metadata_only,7,2,,polyglot_pg,0.000242,60
query,metadata_only,7,2,,pure_mongo,0.000647,60
query,metadata_only,7,7,,polyglot_pg,0.000224,10
query,metadata_only,7,7,,pure_mongo,0.000497,10
query,metadata_only,1,1,,polyglot_pg,0.000253,50
query,metadata_only,1,1,,pure_mongo,0.000570,50
query,metadata_only,1,2,,polyglot_pg,0.000225,60
query,metadata_only,1,2,,pure_mongo,0.000570,60
query,metadata_only,2,2,,polyglot_pg,0.000190,10
query,metadata_only,2,2,,pure_mongo,0.000492,10
query,metadata_only,3,3,,polyglot_pg,0.000248,10
query,metadata_only,3,3,,pure_mongo,0.000554,10
query,metadata_only,4,4,,polyglot_pg,0.000214,10
query,metadata_only,4,4,,pure_mongo,0.000529,10
query,metadata_only,5,5,,polyglot_pg,0.000207,10
query,metadata_only,5,5,,pure_mongo,0.000492,10
query,metadata_only,6,6,,polyglot_pg,0.000151,10
query,metadata_only,6,6,,pure_mongo,0.000688,10
query,metadata_only,7,1,,polyglot_pg,0.000417,40
query,metadata_only,7,1,,pure_mongo,0.001877,40
query,metadata_only,7,2,,polyglot_pg,0.001050,60
query,metadata_only,7,2,,pure_mongo,0.001103,60
query,metadata_only,7,7,,polyglot_pg,0.000275,10
query,metadata_only,7,7,,pure_mongo,0.001264,10
query,metadata_only,1,1,,polyglot_pg,0.000588,50
query,metadata_only,1,1,,pure_mongo,0.001597,50
query,metadata_only,1,2,,polyglot_pg,0.000255,60
query,metadata_only,1,2,,pure_mongo,0.000614,60
query,metadata_only,2,2,,polyglot_pg,0.000232,10
query,metadata_only,2,2,,pure_mongo,0.000511,10
query,metadata_only,3,3,,polyglot_pg,0.000224,10
query,metadata_only,3,3,,pure_mongo,0.000491,10
query,metadata_only,4,4,,polyglot_pg,0.000185,10
query,metadata_only,4,4,,pure_mongo,0.000482,10
query,metadata_only,5,5,,polyglot_pg,0.000283,10
query,metadata_only,5,5,,pure_mongo,0.000598,10
query,metadata_only,6,6,,polyglot_pg,0.000237,10
query,metadata_only,6,6,,pure_mongo,0.000455,10
query,metadata_only,7,1,,polyglot_pg,0.000285,40
query,metadata_only,7,1,,pure_mongo,0.000527,40
query,metadata_only,7,2,,polyglot_pg,0.000206,60
query,metadata_only,7,2,,pure_mongo,0.000487,60
query,metadata_only,7,7,,polyglot_pg,0.000197,10
query,metadata_only,7,7,,pure_mongo,0.000505,10
query,metadata_only,1,1,,polyglot_pg,0.000190,50
query,metadata_only,1,1,,pure_mongo,0.000479,50
query,metadata_only,1,2,,polyglot_pg,0.000235,60
query,metadata_only,1,2,,pure_mongo,0.000527,60
query,metadata_only,2,2,,polyglot_pg,0.000260,10
query,metadata_only,2,2,,pure_mongo,0.000649,10
query,metadata_only,3,3,,polyglot_pg,0.000203,10
query,metadata_only,3,3,,pure_mongo,0.000497,10
query,metadata_only,4,4,,polyglot_pg,0.000149,10
query,metadata_only,4,4,,pure_mongo,0.000425,10
query,metadata_only,5,5,,polyglot_pg,0.000144,10
query,metadata_only,5,5,,pure_mongo,0.000477,10
query,metadata_only,6,6,,polyglot_pg,0.000140,10
query,metadata_only,6,6,,pure_mongo,0.000449,10
query,metadata_only,7,1,,polyglot_pg,0.000171,40
query,metadata_only,7,1,,pure_mongo,0.000819,40
query,metadata_only,7,2,,polyglot_pg,0.000250,60
query,metadata_only,7,2,,pure_mongo,0.000484,60
query,metadata_only,7,7,,polyglot_pg,0.000155,10
query,metadata_only,7,7,,pure_mongo,0.000446,10
query,metadata_only,1,1,,polyglot_pg,0.000211,50
query,metadata_only,1,1,,pure_mongo,0.000507,50
query,metadata_only,1,2,,polyglot_pg,0.000165,60
query,metadata_only,1,2,,pure_mongo,0.000457,60
query,metadata_only,2,2,,polyglot_pg,0.000180,10
query,metadata_only,2,2,,pure_mongo,0.000457,10
query,metadata_only,3,3,,polyglot_pg,0.000186,10
query,metadata_only,3,3,,pure_mongo,0.000451,10
query,metadata_only,4,4,,polyglot_pg,0.000144,10
query,metadata_only,4,4,,pure_mongo,0.000429,10
query,metadata_only,5,5,,polyglot_pg,0.000146,10
query,metadata_only,5,5,,pure_mongo,0.000498,10
query,metadata_only,6,6,,polyglot_pg,0.000201,10
query,metadata_only,6,6,,pure_mongo,0.000526,10
query,metadata_only,7,1,,polyglot_pg,0.000184,40
query,metadata_only,7,1,,pure_mongo,0.000549,40
query,metadata_only,7,2,,polyglot_pg,0.000235,60
query,metadata_only,7,2,,pure_mongo,0.000502,60
query,metadata_only,7,7,,polyglot_pg,0.000168,10
query,metadata_only,7,7,,pure_mongo,0.000433,10
query,metadata_only,1,1,,polyglot_pg,0.000180,50
query,metadata_only,1,1,,pure_mongo,0.000438,50
query,metadata_only,1,2,,polyglot_pg,0.000196,60
query,metadata_only,1,2,,pure_mongo,0.000491,60
query,metadata_only,2,2,,polyglot_pg,0.000168,10
query,metadata_only,2,2,,pure_mongo,0.000461,10
query,metadata_only,3,3,,polyglot_pg,0.000203,10
query,metadata_only,3,3,,pure_mongo,0.000420,10
query,metadata_only,4,4,,polyglot_pg,0.000155,10
query,metadata_only,4,4,,pure_mongo,0.000455,10
query,metadata_only,5,5,,polyglot_pg,0.000167,10
query,metadata_only,5,5,,pure_mongo,0.000487,10
query,metadata_only,6,6,,polyglot_pg,0.000213,10
query,metadata_only,6,6,,pure_mongo,0.000480,10
query,metadata_only,7,1,,polyglot_pg,0.000263,40
query,metadata_only,7,1,,pure_mongo,0.000495,40
query,metadata_only,7,2,,polyglot_pg,0.000260,60
query,metadata_only,7,2,,pure_mongo,0.000495,60
query,metadata_only,7,7,,polyglot_pg,0.000282,10
query,metadata_only,7,7,,pure_mongo,0.000550,10
query,metadata_only,1,1,,polyglot_pg,0.000233,50
query,metadata_only,1,1,,pure_mongo,0.000500,50
query,metadata_only,1,2,,polyglot_pg,0.000214,60
query,metadata_only,1,2,,pure_mongo,0.000530,60
query,metadata_only,2,2,,polyglot_pg,0.000207,10
query,metadata_only,2,2,,pure_mongo,0.000539,10
query,metadata_only,3,3,,polyglot_pg,0.000587,10
query,metadata_only,3,3,,pure_mongo,0.000754,10
query,metadata_only,4,4,,polyglot_pg,0.000241,10
query,metadata_only,4,4,,pure_mongo,0.000521,10
query,metadata_only,5,5,,polyglot_pg,0.000187,10
query,metadata_only,5,5,,pure_mongo,0.000611,10
query,metadata_only,6,6,,polyglot_pg,0.000177,10
query,metadata_only,6,6,,pure_mongo,0.000495,10
query,metadata_only,7,1,,polyglot_pg,0.000240,40
query,metadata_only,7,1,,pure_mongo,0.000505,40
query,metadata_only,7,2,,polyglot_pg,0.000291,60
query,metadata_only,7,2,,pure_mongo,0.000509,60
query,metadata_only,7,7,,polyglot_pg,0.000317,10
query,metadata_only,7,7,,pure_mongo,0.001435,10
query,metadata_only,1,1,,polyglot_pg,0.000958,50
query,metadata_only,1,1,,pure_mongo,0.001111,50
query,metadata_only,1,2,,polyglot_pg,0.000988,60
query,metadata_only,1,2,,pure_mongo,0.001778,60
query,metadata_only,2,2,,polyglot_pg,0.000369,10
query,metadata_only,2,2,,pure_mongo,0.001092,10
query,metadata_only,3,3,,polyglot_pg,0.000777,10
query,metadata_only,3,3,,pure_mongo,0.000844,10
query,metadata_only,4,4,,polyglot_pg,0.000316,10
query,metadata_only,4,4,,pure_mongo,0.000859,10
query,metadata_only,5,5,,polyglot_pg,0.000329,10
query,metadata_only,5,5,,pure_mongo,0.000967,10
query,metadata_only,6,6,,polyglot_pg,0.000209,10
query,metadata_only,6,6,,pure_mongo,0.000484,10
query,metadata_only,7,1,,polyglot_pg,0.000215,40
query,metadata_only,7,1,,pure_mongo,0.000500,40
query,metadata_only,7,2,,polyglot_pg,0.000197,60
query,metadata_only,7,2,,pure_mongo,0.000543,60
query,metadata_only,7,7,,polyglot_pg,0.000234,10
query,metadata_only,7,7,,pure_mongo,0.000463,10
read,end_to_end,1,1,,polyglot,1.141044,50
read,end_to_end,1,1,,pure_mongo,1.156913,50
read,end_to_end,1,2,,polyglot,0.225124,60
read,end_to_end,1,2,,pure_mongo,0.228444,60
read,end_to_end,2,2,,polyglot,0.928248,10
read,end_to_end,2,2,,pure_mongo,0.910922,10
read,end_to_end,3,3,,polyglot,1.158254,10
read,end_to_end,3,3,,pure_mongo,1.163288,10
read,end_to_end,4,4,,polyglot,1.138033,10
read,end_to_end,4,4,,pure_mongo,0.820048,10
read,end_to_end,5,5,,polyglot,0.989194,10
read,end_to_end,5,5,,pure_mongo,0.963037,10
read,end_to_end,6,6,,polyglot,1.158423,10
read,end_to_end,6,6,,pure_mongo,1.124606,10
read,end_to_end,7,1,,polyglot,1.820866,40
read,end_to_end,7,1,,pure_mongo,1.547851,40
read,end_to_end,7,2,,polyglot,2.460161,60
read,end_to_end,7,2,,pure_mongo,5.115779,60
read,end_to_end,7,7,,polyglot,0.888781,10
read,end_to_end,7,7,,pure_mongo,0.911240,10
read,end_to_end,1,1,,polyglot,1.116149,50
read,end_to_end,1,1,,pure_mongo,1.105599,50
read,end_to_end,1,2,,polyglot,0.234516,60
read,end_to_end,1,2,,pure_mongo,0.221227,60
read,end_to_end,2,2,,polyglot,1.115683,10
read,end_to_end,2,2,,pure_mongo,1.006668,10
read,end_to_end,3,3,,polyglot,1.776986,10
read,end_to_end,3,3,,pure_mongo,1.276025,10
read,end_to_end,4,4,,polyglot,0.853332,10
read,end_to_end,4,4,,pure_mongo,0.795162,10
read,end_to_end,5,5,,polyglot,0.953811,10
read,end_to_end,5,5,,pure_mongo,0.920371,10
read,end_to_end,6,6,,polyglot,1.162105,10
read,end_to_end,6,6,,pure_mongo,1.180899,10
read,end_to_end,7,1,,polyglot,1.441515,40
read,end_to_end,7,1,,pure_mongo,1.448545,40
read,end_to_end,7,2,,polyglot,2.416632,60
read,end_to_end,7,2,,pure_mongo,3.250041,60
read,end_to_end,7,7,,polyglot,0.840134,10
read,end_to_end,7,7,,pure_mongo,0.875152,10
read,end_to_end,1,1,,polyglot,1.002426,50
read,end_to_end,1,1,,pure_mongo,0.950187,50
read,end_to_end,1,2,,polyglot,0.217318,60
read,end_to_end,1,2,,pure_mongo,0.200868,60
read,end_to_end,2,2,,polyglot,0.872716,10
read,end_to_end,2,2,,pure_mongo,0.830096,10
read,end_to_end,3,3,,polyglot,1.174091,10
read,end_to_end,3,3,,pure_mongo,1.116361,10
read,end_to_end,4,4,,polyglot,0.779131,10
read,end_to_end,4,4,,pure_mongo,1.058458,10
read,end_to_end,5,5,,polyglot,1.139233,10
read,end_to_end,5,5,,pure_mongo,0.977733,10
read,end_to_end,6,6,,polyglot,1.224062,10
read,end_to_end,6,6,,pure_mongo,1.239650,10
read,end_to_end,7,1,,polyglot,1.740884,40
read,end_to_end,7,1,,pure_mongo,1.449616,40
read,end_to_end,7,2,,polyglot,2.397711,60
read,end_to_end,7,2,,pure_mongo,2.459172,60
read,end_to_end,7,7,,polyglot,1.170942,10
read,end_to_end,7,7,,pure_mongo,0.834343,10
read,end_to_end,1,1,,polyglot,0.990862,50
read,end_to_end,1,1,,pure_mongo,0.970896,50
read,end_to_end,1,2,,polyglot,0.211093,60
read,end_to_end,1,2,,pure_mongo,0.211503,60
read,end_to_end,2,2,,polyglot,0.903025,10
read,end_to_end,2,2,,pure_mongo,0.859456,10
read,end_to_end,3,3,,polyglot,1.228709,10
read,end_to_end,3,3,,pure_mongo,1.137087,10
read,end_to_end,4,4,,polyglot,0.796562,10
read,end_to_end,4,4,,pure_mongo,0.744075,10
read,end_to_end,5,5,,polyglot,0.949626,10
read,end_to_end,5,5,,pure_mongo,0.916919,10
read,end_to_end,6,6,,polyglot,1.155022,10
read,end_to_end,6,6,,pure_mongo,1.104354,10
read,end_to_end,7,1,,polyglot,1.400931,40
read,end_to_end,7,1,,pure_mongo,1.495319,40
read,end_to_end,7,2,,polyglot,2.533321,60
read,end_to_end,7,2,,pure_mongo,2.377451,60
read,end_to_end,7,7,,polyglot,0.833835,10
read,end_to_end,7,7,,pure_mongo,0.862427,10
read,end_to_end,1,1,,polyglot,0.998499,50
read,end_to_end,1,1,,pure_mongo,0.975768,50
read,end_to_end,1,2,,polyglot,0.219999,60
read,end_to_end,1,2,,pure_mongo,0.210765,60
read,end_to_end,2,2,,polyglot,0.923155,10
read,end_to_end,2,2,,pure_mongo,1.005397,10
read,end_to_end,3,3,,polyglot,1.293224,10
read,end_to_end,3,3,,pure_mongo,1.176655,10
read,end_to_end,4,4,,polyglot,0.779811,10
read,end_to_end,4,4,,pure_mongo,0.733788,10
read,end_to_end,5,5,,polyglot,0.929113,10
read,end_to_end,5,5,,pure_mongo,0.911821,10
read,end_to_end,6,6,,polyglot,1.132648,10
read,end_to_end,6,6,,pure_mongo,1.164153,10
read,end_to_end,7,1,,polyglot,1.502398,40
read,end_to_end,7,1,,pure_mongo,1.498390,40
read,end_to_end,7,2,,polyglot,2.467668,60
read,end_to_end,7,2,,pure_mongo,2.430123,60
read,end_to_end,7,7,,polyglot,0.816549,10
read,end_to_end,7,7,,pure_mongo,0.908046,10
read,end_to_end,1,1,,polyglot,1.071417,50
read,end_to_end,1,1,,pure_mongo,0.965046,50
read,end_to_end,1,2,,polyglot,0.228006,60
read,end_to_end,1,2,,pure_mongo,0.207218,60
read,end_to_end,2,2,,polyglot,0.916091,10
read,end_to_end,2,2,,pure_mongo,0.845552,10
read,end_to_end,3,3,,polyglot,1.179547,10
read,end_to_end,3,3,,pure_mongo,1.156663,10
read,end_to_end,4,4,,polyglot,0.771851,10
read,end_to_end,4,4,,pure_mongo,0.779649,10
read,end_to_end,5,5,,polyglot,1.004056,10
read,end_to_end,5,5,,pure_mongo,0.938567,10
read,end_to_end,6,6,,polyglot,1.172286,10
read,end_to_end,6,6,,pure_mongo,1.104941,10
read,end_to_end,7,1,,polyglot,1.569462,40
read,end_to_end,7,1,,pure_mongo,1.650861,40
read,end_to_end,7,2,,polyglot,2.729080,60
read,end_to_end,7,2,,pure_mongo,2.500585,60
read,end_to_end,7,7,,polyglot,0.840256,10
read,end_to_end,7,7,,pure_mongo,0.854898,10
read,end_to_end,1,1,,polyglot,1.064352,50
read,end_to_end,1,1,,pure_mongo,1.469943,50
read,end_to_end,1,2,,polyglot,0.235441,60
read,end_to_end,1,2,,pure_mongo,0.207995,60
read,end_to_end,2,2,,polyglot,0.929455,10
read,end_to_end,2,2,,pure_mongo,0.869185,10
read,end_to_end,3,3,,polyglot,1.151388,10
read,end_to_end,3,3,,pure_mongo,1.091628,10
read,end_to_end,4,4,,polyglot,0.746346,10
read,end_to_end,4,4,,pure_mongo,0.770944,10
read,end_to_end,5,5,,polyglot,1.146927,10
read,end_to_end,5,5,,pure_mongo,1.030534,10
read,end_to_end,6,6,,polyglot,1.267346,10
read,end_to_end,6,6,,pure_mongo,1.251765,10
read,end_to_end,7,1,,polyglot,1.522602,40
read,end_to_end,7,1,,pure_mongo,1.516855,40
read,end_to_end,7,2,,polyglot,2.895793,60
read,end_to_end,7,2,,pure_mongo,2.534653,60
read,end_to_end,7,7,,polyglot,0.863189,10
read,end_to_end,7,7,,pure_mongo,0.900317,10
read,end_to_end,1,1,,polyglot,1.006156,50
read,end_to_end,1,1,,pure_mongo,1.096812,50
read,end_to_end,1,2,,polyglot,0.228365,60
read,end_to_end,1,2,,pure_mongo,0.220223,60
read,end_to_end,2,2,,polyglot,0.941142,10
read,end_to_end,2,2,,pure_mongo,0.870371,10
read,end_to_end,3,3,,polyglot,1.217687,10
read,end_to_end,3,3,,pure_mongo,1.106145,10
read,end_to_end,4,4,,polyglot,0.817225,10
read,end_to_end,4,4,,pure_mongo,0.742315,10
read,end_to_end,5,5,,polyglot,0.931960,10
read,end_to_end,5,5,,pure_mongo,0.934410,10
read,end_to_end,6,6,,polyglot,1.135271,10
read,end_to_end,6,6,,pure_mongo,1.152759,10
read,end_to_end,7,1,,polyglot,1.456137,40
read,end_to_end,7,1,,pure_mongo,1.447533,40
read,end_to_end,7,2,,polyglot,2.395609,60
read,end_to_end,7,2,,pure_mongo,2.487255,60
read,end_to_end,7,7,,polyglot,0.902876,10
read,end_to_end,7,7,,pure_mongo,0.866313,10
read,end_to_end,1,1,,polyglot,0.986375,50
read,end_to_end,1,1,,pure_mongo,0.988815,50
read,end_to_end,1,2,,polyglot,0.217636,60
read,end_to_end,1,2,,pure_mongo,0.204690,60
read,end_to_end,2,2,,polyglot,0.900638,10
read,end_to_end,2,2,,pure_mongo,0.866626,10
read,end_to_end,3,3,,polyglot,1.206385,10
read,end_to_end,3,3,,pure_mongo,1.119608,10
read,end_to_end,4,4,,polyglot,0.738994,10
read,end_to_end,4,4,,pure_mongo,0.792282,10
read,end_to_end,5,5,,polyglot,0.959072,10
read,end_to_end,5,5,,pure_mongo,0.912869,10
read,end_to_end,6,6,,polyglot,1.159845,10
read,end_to_end,6,6,,pure_mongo,1.106843,10
read,end_to_end,7,1,,polyglot,1.418867,40
read,end_to_end,7,1,,pure_mongo,1.538354,40
read,end_to_end,7,2,,polyglot,2.426868,60
read,end_to_end,7,2,,pure_mongo,2.371217,60
read,end_to_end,7,7,,polyglot,0.843895,10
read,end_to_end,7,7,,pure_mongo,0.852333,10
read,end_to_end,1,1,,polyglot,1.028207,50
read,end_to_end,1,1,,pure_mongo,0.995713,50
read,end_to_end,1,2,,polyglot,0.222797,60
read,end_to_end,1,2,,pure_mongo,0.209184,60
read,end_to_end,2,2,,polyglot,1.030114,10
read,end_to_end,2,2,,pure_mongo,0.916890,10
read,end_to_end,3,3,,polyglot,1.176556,10
read,end_to_end,3,3,,pure_mongo,1.121308,10
read,end_to_end,4,4,,polyglot,0.750885,10
read,end_to_end,4,4,,pure_mongo,0.781209,10
read,end_to_end,5,5,,polyglot,0.932506,10
read,end_to_end,5,5,,pure_mongo,0.901042,10
read,end_to_end,6,6,,polyglot,1.159378,10
read,end_to_end,6,6,,pure_mongo,1.101579,10
read,end_to_end,7,1,,polyglot,1.454396,40
read,end_to_end,7,1,,pure_mongo,1.438663,40
read,end_to_end,7,2,,polyglot,2.358070,60
read,end_to_end,7,2,,pure_mongo,2.245232,60
read,end_to_end,7,7,,polyglot,0.807960,10
read,end_to_end,7,7,,pure_mongo,0.820888,10
