bucket,stored_name,filesize_bytes,db,operation,rep,elapsed_seconds
audio_small,03-01-01-01-02-01-01_r08.wav,372698,mongodb,write,8,0.026989
audio_small,03-01-01-01-02-01-01_r08.wav,372698,postgres,write,8,0.029131
video_medium,01-02-02-01-01-01-07_r07.mp4,5922634,mongodb,write,7,0.060260
video_medium,01-02-02-01-01-01-07_r07.mp4,5922634,postgres,write,7,0.190850
video_large,100009_r02.mp4,17889530,mongodb,write,2,0.147945
video_large,100009_r02.mp4,17889530,postgres,write,2,0.488677
video_large,100012_r00.mp4,19367150,mongodb,write,0,0.161556
video_large,100012_r00.mp4,19367150,postgres,write,0,0.525654
video_medium,01-02-02-01-01-02-07_r02.mp4,6352195,mongodb,write,2,0.049009
video_medium,01-02-02-01-01-02-07_r02.mp4,6352195,postgres,write,2,0.159231
video_medium,01-02-02-01-02-01-07_r01.mp4,6046468,mongodb,write,1,0.050900
video_medium,01-02-02-01-02-01-07_r01.mp4,6046468,postgres,write,1,0.137276
video_medium,01-02-02-01-02-01-07_r04.mp4,6046468,mongodb,write,4,0.049779
video_medium,01-02-02-01-02-01-07_r04.mp4,6046468,postgres,write,4,0.146086
video_medium,01-02-02-01-02-02-07_r01.mp4,6013033,postgres,write,1,0.160466
video_medium,01-02-02-01-02-02-07_r01.mp4,6013033,mongodb,write,1,0.050021
video_medium,01-02-02-02-01-01-07_r05.mp4,6279752,postgres,write,5,0.149482
video_medium,01-02-02-02-01-01-07_r05.mp4,6279752,mongodb,write,5,0.051533
video_large,100010_r05.mp4,12920124,postgres,write,5,0.414082
video_large,100010_r05.mp4,12920124,mongodb,write,5,0.098768
audio_small,03-01-02-01-01-01-01_r01.wav,399494,mongodb,write,1,0.004560
audio_small,03-01-02-01-01-01-01_r01.wav,399494,postgres,write,1,0.008964
audio_small,03-01-02-01-01-02-01_r07.wav,751848,mongodb,write,7,0.010124
audio_small,03-01-02-01-01-02-01_r07.wav,751848,postgres,write,7,0.016019
video_medium,01-02-01-01-02-02-07_r01.mp4,5619255,postgres,write,1,0.154678
video_medium,01-02-01-01-02-02-07_r01.mp4,5619255,mongodb,write,1,0.043058
audio_small,03-01-01-01-02-02-01_r00.wav,363108,mongodb,write,0,0.004965
audio_small,03-01-01-01-02-02-01_r00.wav,363108,postgres,write,0,0.008944
video_large,100_r01.mp4,14102837,mongodb,write,1,0.113615
video_large,100_r01.mp4,14102837,postgres,write,1,0.383033
video_medium,01-02-01-01-02-02-07_r04.mp4,5619255,postgres,write,4,0.149848
video_medium,01-02-01-01-02-02-07_r04.mp4,5619255,mongodb,write,4,0.049154
video_medium,01-02-02-02-01-02-07_r06.mp4,6330436,postgres,write,6,0.143287
video_medium,01-02-02-02-01-02-07_r06.mp4,6330436,mongodb,write,6,0.053315
video_medium,01-02-02-02-01-02-07_r04.mp4,6330436,postgres,write,4,0.174110
video_medium,01-02-02-02-01-02-07_r04.mp4,6330436,mongodb,write,4,0.049929
video_medium,01-02-02-01-01-02-07_r06.mp4,6352195,postgres,write,6,0.150828
video_medium,01-02-02-01-01-02-07_r06.mp4,6352195,mongodb,write,6,0.050969
video_large,100012_r06.mp4,19367150,mongodb,write,6,0.140968
video_large,100012_r06.mp4,19367150,postgres,write,6,0.564219
video_medium,01-02-02-01-01-02-07_r01.mp4,6352195,postgres,write,1,0.216864
video_medium,01-02-02-01-01-02-07_r01.mp4,6352195,mongodb,write,1,0.058466
audio_small,03-01-02-01-02-01-01_r03.wav,396294,mongodb,write,3,0.007092
audio_small,03-01-02-01-02-01-01_r03.wav,396294,postgres,write,3,0.010146
video_large,100009_r09.mp4,17889530,postgres,write,9,0.488783
video_large,100009_r09.mp4,17889530,mongodb,write,9,0.132899
video_medium,01-02-01-01-01-02-07_r03.mp4,5457041,mongodb,write,3,0.040178
video_medium,01-02-01-01-01-02-07_r03.mp4,5457041,postgres,write,3,0.136694
video_medium,01-02-01-01-02-01-07_r01.mp4,5627582,mongodb,write,1,0.041345
video_medium,01-02-01-01-02-01-07_r01.mp4,5627582,postgres,write,1,0.152581
audio_small,03-01-02-02-01-01-01_r03.wav,415516,mongodb,write,3,0.007423
audio_small,03-01-02-02-01-01-01_r03.wav,415516,postgres,write,3,0.010448
video_medium,01-02-01-01-02-02-07_r08.mp4,5619255,postgres,write,8,0.157164
video_medium,01-02-01-01-02-02-07_r08.mp4,5619255,mongodb,write,8,0.046888
video_medium,01-02-01-01-01-01-07_r00.mp4,5498397,mongodb,write,0,0.042161
video_medium,01-02-01-01-01-01-07_r00.mp4,5498397,postgres,write,0,0.147162
audio_small,03-01-01-01-01-02-01_r07.wav,379106,postgres,write,7,0.010506
audio_small,03-01-01-01-01-02-01_r07.wav,379106,mongodb,write,7,0.007773
video_large,10_r05.mp4,13091522,mongodb,write,5,0.093953
video_large,10_r05.mp4,13091522,postgres,write,5,0.368387
video_medium,01-02-01-01-01-01-07_r07.mp4,5498397,mongodb,write,7,0.042764
video_medium,01-02-01-01-01-01-07_r07.mp4,5498397,postgres,write,7,0.143261
audio_small,03-01-02-02-01-02-01_r07.wav,444344,postgres,write,7,0.011268
audio_small,03-01-02-02-01-02-01_r07.wav,444344,mongodb,write,7,0.009128
video_large,100014_r09.mp4,16322772,postgres,write,9,0.543494
video_large,100014_r09.mp4,16322772,mongodb,write,9,0.153624
video_medium,01-02-01-01-01-01-07_r04.mp4,5498397,mongodb,write,4,0.042282
video_medium,01-02-01-01-01-01-07_r04.mp4,5498397,postgres,write,4,0.161347
video_large,100012_r02.mp4,19367150,mongodb,write,2,0.157231
video_large,100012_r02.mp4,19367150,postgres,write,2,0.522666
video_medium,01-02-01-01-02-02-07_r09.mp4,5619255,postgres,write,9,0.132501
video_medium,01-02-01-01-02-02-07_r09.mp4,5619255,mongodb,write,9,0.044263
audio_small,03-01-02-01-02-02-01_r09.wav,393086,mongodb,write,9,0.004046
audio_small,03-01-02-01-02-02-01_r09.wav,393086,postgres,write,9,0.009006
video_large,100010_r02.mp4,12920124,postgres,write,2,0.322221
video_large,100010_r02.mp4,12920124,mongodb,write,2,0.094528
video_large,10_r00.mp4,13091522,mongodb,write,0,0.099470
video_large,10_r00.mp4,13091522,postgres,write,0,0.362054
video_medium,01-02-02-01-02-01-07_r07.mp4,6046468,postgres,write,7,0.146412
video_medium,01-02-02-01-02-01-07_r07.mp4,6046468,mongodb,write,7,0.053356
video_large,100009_r04.mp4,17889530,mongodb,write,4,0.160785
video_large,100009_r04.mp4,17889530,postgres,write,4,0.508729
audio_small,03-01-02-01-02-01-01_r05.wav,396294,postgres,write,5,0.010895
audio_small,03-01-02-01-02-01-01_r05.wav,396294,mongodb,write,5,0.007754
video_large,1000_r07.mp4,18279099,mongodb,write,7,0.136091
video_large,1000_r07.mp4,18279099,postgres,write,7,0.550958
video_large,100_r00.mp4,14102837,postgres,write,0,0.354692
video_large,100_r00.mp4,14102837,mongodb,write,0,0.105950
video_medium,01-02-01-01-02-02-07_r03.mp4,5619255,postgres,write,3,0.142017
video_medium,01-02-01-01-02-02-07_r03.mp4,5619255,mongodb,write,3,0.051521
audio_small,03-01-02-02-01-02-01_r02.wav,444344,mongodb,write,2,0.006813
audio_small,03-01-02-02-01-02-01_r02.wav,444344,postgres,write,2,0.011977
audio_small,03-01-01-01-02-02-01_r03.wav,363108,postgres,write,3,0.009132
audio_small,03-01-01-01-02-02-01_r03.wav,363108,mongodb,write,3,0.007611
video_large,100002_r09.mp4,14896394,mongodb,write,9,0.116934
video_large,100002_r09.mp4,14896394,postgres,write,9,0.408624
video_medium,01-02-02-01-02-02-07_r03.mp4,6013033,mongodb,write,3,0.048031
video_medium,01-02-02-01-02-02-07_r03.mp4,6013033,postgres,write,3,0.157149
audio_small,03-01-01-01-01-02-01_r08.wav,379106,mongodb,write,8,0.005012
audio_small,03-01-01-01-01-02-01_r08.wav,379106,postgres,write,8,0.008904
video_medium,01-02-01-01-02-01-07_r08.mp4,5627582,mongodb,write,8,0.038439
video_medium,01-02-01-01-02-01-07_r08.mp4,5627582,postgres,write,8,0.143805
video_large,100012_r08.mp4,19367150,postgres,write,8,0.508758
video_large,100012_r08.mp4,19367150,mongodb,write,8,0.148570
video_medium,01-02-02-01-01-02-07_r04.mp4,6352195,mongodb,write,4,0.047394
video_medium,01-02-02-01-01-02-07_r04.mp4,6352195,postgres,write,4,0.173520
video_medium,01-02-01-01-01-02-07_r06.mp4,5457041,mongodb,write,6,0.046099
video_medium,01-02-01-01-01-02-07_r06.mp4,5457041,postgres,write,6,0.156264
audio_small,03-01-01-01-02-01-01_r07.wav,372698,postgres,write,7,0.015379
audio_small,03-01-01-01-02-01-01_r07.wav,372698,mongodb,write,7,0.019570
audio_small,03-01-01-01-01-01-01_r02.wav,375720,postgres,write,2,0.175012
audio_small,03-01-01-01-01-01-01_r02.wav,375720,mongodb,write,2,0.009412
video_medium,01-02-02-02-01-02-07_r02.mp4,6330436,mongodb,write,2,0.045183
video_medium,01-02-02-02-01-02-07_r02.mp4,6330436,postgres,write,2,0.178514
audio_small,03-01-02-01-02-01-01_r01.wav,396294,postgres,write,1,0.011170
audio_small,03-01-02-01-02-01-01_r01.wav,396294,mongodb,write,1,0.006556
audio_small,03-01-01-01-02-01-01_r04.wav,372698,mongodb,write,4,0.005484
audio_small,03-01-01-01-02-01-01_r04.wav,372698,postgres,write,4,0.011652
video_medium,01-02-01-01-01-01-07_r06.mp4,5498397,mongodb,write,6,0.046967
video_medium,01-02-01-01-01-01-07_r06.mp4,5498397,postgres,write,6,0.188696
video_large,100002_r06.mp4,14896394,mongodb,write,6,0.135854
video_large,100002_r06.mp4,14896394,postgres,write,6,0.483537
audio_small,03-01-02-01-02-01-01_r02.wav,396294,postgres,write,2,0.012927
audio_small,03-01-02-01-02-01-01_r02.wav,396294,mongodb,write,2,0.007714
audio_small,03-01-02-01-02-02-01_r02.wav,393086,mongodb,write,2,0.005572
audio_small,03-01-02-01-02-02-01_r02.wav,393086,postgres,write,2,0.009959
video_large,1000_r02.mp4,18279099,mongodb,write,2,0.128873
video_large,1000_r02.mp4,18279099,postgres,write,2,0.663006
video_large,1000_r09.mp4,18279099,postgres,write,9,0.476887
video_large,1000_r09.mp4,18279099,mongodb,write,9,0.148652
audio_small,03-01-02-01-01-02-01_r01.wav,751848,mongodb,write,1,0.009543
audio_small,03-01-02-01-01-02-01_r01.wav,751848,postgres,write,1,0.018393
audio_small,03-01-01-01-01-02-01_r03.wav,379106,postgres,write,3,0.022307
audio_small,03-01-01-01-01-02-01_r03.wav,379106,mongodb,write,3,0.005259
video_medium,01-02-02-01-02-02-07_r05.mp4,6013033,postgres,write,5,0.154417
video_medium,01-02-02-01-02-02-07_r05.mp4,6013033,mongodb,write,5,0.048426
video_large,10001_r03.mp4,13488132,postgres,write,3,0.360348
video_large,10001_r03.mp4,13488132,mongodb,write,3,0.096912
audio_small,03-01-01-01-02-01-01_r00.wav,372698,postgres,write,0,0.009434
audio_small,03-01-01-01-02-01-01_r00.wav,372698,mongodb,write,0,0.006356
video_large,100000_r02.mp4,11990541,mongodb,write,2,0.164813
video_large,100000_r02.mp4,11990541,postgres,write,2,0.384346
audio_small,03-01-01-01-01-01-01_r09.wav,375720,postgres,write,9,0.011449
audio_small,03-01-01-01-01-01-01_r09.wav,375720,mongodb,write,9,0.016316
video_medium,01-02-01-01-01-02-07_r00.mp4,5457041,postgres,write,0,0.321373
video_medium,01-02-01-01-01-02-07_r00.mp4,5457041,mongodb,write,0,0.052163
audio_small,03-01-01-01-01-02-01_r05.wav,379106,mongodb,write,5,0.005883
audio_small,03-01-01-01-01-02-01_r05.wav,379106,postgres,write,5,0.010777
video_large,10001_r02.mp4,13488132,postgres,write,2,0.344288
video_large,10001_r02.mp4,13488132,mongodb,write,2,0.103712
video_medium,01-02-01-01-01-01-07_r09.mp4,5498397,postgres,write,9,0.168814
video_medium,01-02-01-01-01-01-07_r09.mp4,5498397,mongodb,write,9,0.046480
audio_small,03-01-02-01-01-02-01_r09.wav,751848,mongodb,write,9,0.010234
audio_small,03-01-02-01-01-02-01_r09.wav,751848,postgres,write,9,0.017726
audio_small,03-01-02-01-02-02-01_r01.wav,393086,postgres,write,1,0.010668
audio_small,03-01-02-01-02-02-01_r01.wav,393086,mongodb,write,1,0.006562
video_medium,01-02-02-02-01-02-07_r00.mp4,6330436,mongodb,write,0,0.062368
video_medium,01-02-02-02-01-02-07_r00.mp4,6330436,postgres,write,0,0.163314
video_large,100002_r08.mp4,14896394,mongodb,write,8,0.120242
video_large,100002_r08.mp4,14896394,postgres,write,8,0.406344
video_medium,01-02-02-01-01-01-07_r06.mp4,5922634,postgres,write,6,0.423618
video_medium,01-02-02-01-01-01-07_r06.mp4,5922634,mongodb,write,6,0.045731
video_large,1000_r08.mp4,18279099,postgres,write,8,0.474063
video_large,1000_r08.mp4,18279099,mongodb,write,8,0.122883
video_large,100010_r07.mp4,12920124,postgres,write,7,0.361742
video_large,100010_r07.mp4,12920124,mongodb,write,7,0.102733
audio_small,03-01-02-01-01-02-01_r00.wav,751848,mongodb,write,0,0.008912
audio_small,03-01-02-01-01-02-01_r00.wav,751848,postgres,write,0,0.019471
video_large,1000_r05.mp4,18279099,mongodb,write,5,0.154063
video_large,1000_r05.mp4,18279099,postgres,write,5,0.516914
video_large,100002_r04.mp4,14896394,postgres,write,4,0.386340
video_large,100002_r04.mp4,14896394,mongodb,write,4,0.122642
audio_small,03-01-02-01-01-02-01_r03.wav,751848,postgres,write,3,0.017211
audio_small,03-01-02-01-01-02-01_r03.wav,751848,mongodb,write,3,0.008393
audio_small,03-01-02-01-01-02-01_r04.wav,751848,postgres,write,4,0.015887
audio_small,03-01-02-01-01-02-01_r04.wav,751848,mongodb,write,4,0.009243
video_medium,01-02-01-01-01-02-07_r08.mp4,5457041,mongodb,write,8,0.039683
video_medium,01-02-01-01-01-02-07_r08.mp4,5457041,postgres,write,8,0.143358
video_large,10_r02.mp4,13091522,postgres,write,2,0.393466
video_large,10_r02.mp4,13091522,mongodb,write,2,0.105093
video_large,1000_r00.mp4,18279099,mongodb,write,0,0.142677
video_large,1000_r00.mp4,18279099,postgres,write,0,0.707752
video_medium,01-02-01-01-02-02-07_r00.mp4,5619255,mongodb,write,0,0.042905
video_medium,01-02-01-01-02-02-07_r00.mp4,5619255,postgres,write,0,0.285521
video_medium,01-02-02-02-01-02-07_r03.mp4,6330436,mongodb,write,3,0.049777
video_medium,01-02-02-02-01-02-07_r03.mp4,6330436,postgres,write,3,0.157952
audio_small,03-01-02-02-01-01-01_r08.wav,415516,postgres,write,8,0.010489
audio_small,03-01-02-02-01-01-01_r08.wav,415516,mongodb,write,8,0.005162
video_large,100009_r00.mp4,17889530,postgres,write,0,0.697698
video_large,100009_r00.mp4,17889530,mongodb,write,0,0.142525
video_large,100014_r08.mp4,16322772,mongodb,write,8,0.118974
video_large,100014_r08.mp4,16322772,postgres,write,8,0.602181
video_large,100012_r03.mp4,19367150,mongodb,write,3,0.146802
video_large,100012_r03.mp4,19367150,postgres,write,3,1.437611
video_medium,01-02-01-01-02-01-07_r00.mp4,5627582,mongodb,write,0,0.079112
video_medium,01-02-01-01-02-01-07_r00.mp4,5627582,postgres,write,0,0.165471
video_large,100_r08.mp4,14102837,mongodb,write,8,0.118601
video_large,100_r08.mp4,14102837,postgres,write,8,0.509593
video_medium,01-02-01-01-01-01-07_r02.mp4,5498397,postgres,write,2,0.369606
video_medium,01-02-01-01-01-01-07_r02.mp4,5498397,mongodb,write,2,0.061827
audio_small,03-01-02-01-02-01-01_r09.wav,396294,mongodb,write,9,0.004561
audio_small,03-01-02-01-02-01-01_r09.wav,396294,postgres,write,9,0.027162
video_medium,01-02-02-01-02-01-07_r02.mp4,6046468,mongodb,write,2,0.086336
video_medium,01-02-02-01-02-01-07_r02.mp4,6046468,postgres,write,2,0.277613
audio_small,03-01-01-01-01-01-01_r08.wav,375720,postgres,write,8,0.010372
audio_small,03-01-01-01-01-01-01_r08.wav,375720,mongodb,write,8,0.005683
video_large,10001_r00.mp4,13488132,postgres,write,0,0.465970
video_large,10001_r00.mp4,13488132,mongodb,write,0,0.116398
audio_small,03-01-01-01-01-02-01_r00.wav,379106,mongodb,write,0,0.004645
audio_small,03-01-01-01-01-02-01_r00.wav,379106,postgres,write,0,0.243027
audio_small,03-01-02-01-02-02-01_r07.wav,393086,postgres,write,7,0.009966
audio_small,03-01-02-01-02-02-01_r07.wav,393086,mongodb,write,7,0.007842
audio_small,03-01-01-01-02-01-01_r03.wav,372698,mongodb,write,3,0.005422
audio_small,03-01-01-01-02-01-01_r03.wav,372698,postgres,write,3,0.052482
video_large,100000_r09.mp4,11990541,mongodb,write,9,0.139376
video_large,100000_r09.mp4,11990541,postgres,write,9,0.987629
audio_small,03-01-01-01-02-02-01_r08.wav,363108,postgres,write,8,0.013419
audio_small,03-01-01-01-02-02-01_r08.wav,363108,mongodb,write,8,0.008603
video_large,10001_r04.mp4,13488132,postgres,write,4,0.759539
video_large,10001_r04.mp4,13488132,mongodb,write,4,0.115161
video_medium,01-02-02-01-02-02-07_r06.mp4,6013033,postgres,write,6,0.232931
video_medium,01-02-02-01-02-02-07_r06.mp4,6013033,mongodb,write,6,0.050494
video_medium,01-02-02-02-01-01-07_r04.mp4,6279752,postgres,write,4,0.151366
video_medium,01-02-02-02-01-01-07_r04.mp4,6279752,mongodb,write,4,0.049953
audio_small,03-01-02-01-01-01-01_r09.wav,399494,postgres,write,9,0.009611
audio_small,03-01-02-01-01-01-01_r09.wav,399494,mongodb,write,9,0.007281
video_medium,01-02-02-01-02-01-07_r03.mp4,6046468,postgres,write,3,0.141422
video_medium,01-02-02-01-02-01-07_r03.mp4,6046468,mongodb,write,3,0.059778
video_large,100009_r01.mp4,17889530,mongodb,write,1,0.147573
video_large,100009_r01.mp4,17889530,postgres,write,1,0.734949
video_large,10_r01.mp4,13091522,mongodb,write,1,0.105564
video_large,10_r01.mp4,13091522,postgres,write,1,0.313147
video_large,10001_r01.mp4,13488132,mongodb,write,1,0.101001
video_large,10001_r01.mp4,13488132,postgres,write,1,0.440616
audio_small,03-01-02-01-01-02-01_r06.wav,751848,mongodb,write,6,0.016999
audio_small,03-01-02-01-01-02-01_r06.wav,751848,postgres,write,6,0.019499
audio_small,03-01-01-01-01-01-01_r07.wav,375720,postgres,write,7,0.009482
audio_small,03-01-01-01-01-01-01_r07.wav,375720,mongodb,write,7,0.008105
audio_small,03-01-01-01-01-01-01_r01.wav,375720,postgres,write,1,0.009803
audio_small,03-01-01-01-01-01-01_r01.wav,375720,mongodb,write,1,0.006611
video_large,100014_r05.mp4,16322772,mongodb,write,5,0.279464
video_large,100014_r05.mp4,16322772,postgres,write,5,0.745285
video_large,10_r06.mp4,13091522,postgres,write,6,0.653187
video_large,10_r06.mp4,13091522,mongodb,write,6,0.103808
video_medium,01-02-01-01-01-01-07_r05.mp4,5498397,postgres,write,5,0.137958
video_medium,01-02-01-01-01-01-07_r05.mp4,5498397,mongodb,write,5,0.049336
audio_small,03-01-02-01-01-01-01_r08.wav,399494,postgres,write,8,0.012380
audio_small,03-01-02-01-01-01-01_r08.wav,399494,mongodb,write,8,0.005819
audio_small,03-01-02-02-01-01-01_r00.wav,415516,mongodb,write,0,0.005321
audio_small,03-01-02-02-01-01-01_r00.wav,415516,postgres,write,0,0.011115
video_large,100_r04.mp4,14102837,mongodb,write,4,0.101445
video_large,100_r04.mp4,14102837,postgres,write,4,0.365942
video_medium,01-02-02-02-01-01-07_r06.mp4,6279752,mongodb,write,6,0.065866
video_medium,01-02-02-02-01-01-07_r06.mp4,6279752,postgres,write,6,0.166538
audio_small,03-01-01-01-01-01-01_r05.wav,375720,postgres,write,5,0.011779
audio_small,03-01-01-01-01-01-01_r05.wav,375720,mongodb,write,5,0.005734
video_large,100012_r09.mp4,19367150,mongodb,write,9,0.160764
video_large,100012_r09.mp4,19367150,postgres,write,9,0.592187
video_medium,01-02-02-02-01-01-07_r09.mp4,6279752,mongodb,write,9,0.042311
video_medium,01-02-02-02-01-01-07_r09.mp4,6279752,postgres,write,9,0.156157
audio_small,03-01-02-02-01-01-01_r07.wav,415516,mongodb,write,7,0.008132
audio_small,03-01-02-02-01-01-01_r07.wav,415516,postgres,write,7,0.010378
audio_small,03-01-01-01-01-02-01_r09.wav,379106,postgres,write,9,0.010708
audio_small,03-01-01-01-01-02-01_r09.wav,379106,mongodb,write,9,0.005654
video_medium,01-02-02-01-02-01-07_r06.mp4,6046468,postgres,write,6,0.188816
video_medium,01-02-02-01-02-01-07_r06.mp4,6046468,mongodb,write,6,0.066787
video_medium,01-02-02-01-01-01-07_r00.mp4,5922634,postgres,write,0,0.145334
video_medium,01-02-02-01-01-01-07_r00.mp4,5922634,mongodb,write,0,0.051286
video_medium,01-02-02-02-01-02-07_r09.mp4,6330436,mongodb,write,9,0.048241
video_medium,01-02-02-02-01-02-07_r09.mp4,6330436,postgres,write,9,0.183477
video_large,100_r06.mp4,14102837,postgres,write,6,0.670136
video_large,100_r06.mp4,14102837,mongodb,write,6,0.114461
video_medium,01-02-01-01-01-02-07_r04.mp4,5457041,postgres,write,4,0.157471
video_medium,01-02-01-01-01-02-07_r04.mp4,5457041,mongodb,write,4,0.044374
video_large,100002_r03.mp4,14896394,postgres,write,3,0.443443
video_large,100002_r03.mp4,14896394,mongodb,write,3,0.104528
audio_small,03-01-02-01-01-01-01_r06.wav,399494,mongodb,write,6,0.007160
audio_small,03-01-02-01-01-01-01_r06.wav,399494,postgres,write,6,0.010842
video_large,100_r03.mp4,14102837,postgres,write,3,0.353961
video_large,100_r03.mp4,14102837,mongodb,write,3,0.119383
video_medium,01-02-01-01-02-01-07_r03.mp4,5627582,postgres,write,3,0.229223
video_medium,01-02-01-01-02-01-07_r03.mp4,5627582,mongodb,write,3,0.045085
audio_small,03-01-02-02-01-02-01_r05.wav,444344,postgres,write,5,0.012685
audio_small,03-01-02-02-01-02-01_r05.wav,444344,mongodb,write,5,0.008400
video_large,100014_r02.mp4,16322772,mongodb,write,2,0.122229
video_large,100014_r02.mp4,16322772,postgres,write,2,0.504444
video_medium,01-02-02-01-01-02-07_r00.mp4,6352195,mongodb,write,0,0.054493
video_medium,01-02-02-01-01-02-07_r00.mp4,6352195,postgres,write,0,0.383080
audio_small,03-01-02-01-01-01-01_r00.wav,399494,postgres,write,0,0.013075
audio_small,03-01-02-01-01-01-01_r00.wav,399494,mongodb,write,0,0.055340
video_medium,01-02-02-01-01-01-07_r01.mp4,5922634,mongodb,write,1,0.047629
video_medium,01-02-02-01-01-01-07_r01.mp4,5922634,postgres,write,1,0.172734
video_medium,01-02-02-01-01-02-07_r08.mp4,6352195,postgres,write,8,0.168704
video_medium,01-02-02-01-01-02-07_r08.mp4,6352195,mongodb,write,8,0.048216
audio_small,03-01-01-01-02-02-01_r09.wav,363108,mongodb,write,9,0.005694
audio_small,03-01-01-01-02-02-01_r09.wav,363108,postgres,write,9,0.016027
video_large,1000_r03.mp4,18279099,mongodb,write,3,0.154800
video_large,1000_r03.mp4,18279099,postgres,write,3,0.610616
video_large,100_r05.mp4,14102837,postgres,write,5,0.372824
video_large,100_r05.mp4,14102837,mongodb,write,5,0.112811
video_medium,01-02-01-01-01-01-07_r01.mp4,5498397,postgres,write,1,0.146499
video_medium,01-02-01-01-01-01-07_r01.mp4,5498397,mongodb,write,1,0.047256
audio_small,03-01-02-01-02-01-01_r08.wav,396294,mongodb,write,8,0.006160
audio_small,03-01-02-01-02-01-01_r08.wav,396294,postgres,write,8,0.010113
video_large,100012_r05.mp4,19367150,postgres,write,5,0.538383
video_large,100012_r05.mp4,19367150,mongodb,write,5,0.161225
video_medium,01-02-02-01-02-02-07_r04.mp4,6013033,postgres,write,4,0.160300
video_medium,01-02-02-01-02-02-07_r04.mp4,6013033,mongodb,write,4,0.062852
video_large,100009_r05.mp4,17889530,postgres,write,5,0.490775
video_large,100009_r05.mp4,17889530,mongodb,write,5,0.141539
audio_small,03-01-02-01-02-02-01_r05.wav,393086,postgres,write,5,0.009769
audio_small,03-01-02-01-02-02-01_r05.wav,393086,mongodb,write,5,0.006161
audio_small,03-01-02-01-02-02-01_r00.wav,393086,mongodb,write,0,0.004582
audio_small,03-01-02-01-02-02-01_r00.wav,393086,postgres,write,0,0.021490
video_medium,01-02-01-01-02-02-07_r07.mp4,5619255,postgres,write,7,0.205025
video_medium,01-02-01-01-02-02-07_r07.mp4,5619255,mongodb,write,7,0.045253
video_medium,01-02-01-01-02-02-07_r02.mp4,5619255,mongodb,write,2,0.044989
video_medium,01-02-01-01-02-02-07_r02.mp4,5619255,postgres,write,2,0.150086
audio_small,03-01-02-01-02-02-01_r08.wav,393086,mongodb,write,8,0.006698
audio_small,03-01-02-01-02-02-01_r08.wav,393086,postgres,write,8,0.010733
video_large,100_r02.mp4,14102837,postgres,write,2,0.360566
video_large,100_r02.mp4,14102837,mongodb,write,2,0.117566
video_large,100010_r01.mp4,12920124,postgres,write,1,0.400979
video_large,100010_r01.mp4,12920124,mongodb,write,1,0.097183
audio_small,03-01-01-01-02-01-01_r06.wav,372698,postgres,write,6,0.011348
audio_small,03-01-01-01-02-01-01_r06.wav,372698,mongodb,write,6,0.005385
video_medium,01-02-02-01-02-02-07_r02.mp4,6013033,mongodb,write,2,0.045552
video_medium,01-02-02-01-02-02-07_r02.mp4,6013033,postgres,write,2,0.159321
audio_small,03-01-01-01-01-02-01_r06.wav,379106,mongodb,write,6,0.007597
audio_small,03-01-01-01-01-02-01_r06.wav,379106,postgres,write,6,0.010217
audio_small,03-01-02-02-01-01-01_r06.wav,415516,postgres,write,6,0.012175
audio_small,03-01-02-02-01-01-01_r06.wav,415516,mongodb,write,6,0.009250
video_medium,01-02-02-01-01-01-07_r05.mp4,5922634,postgres,write,5,0.148400
video_medium,01-02-02-01-01-01-07_r05.mp4,5922634,mongodb,write,5,0.045709
video_large,10_r09.mp4,13091522,mongodb,write,9,0.111073
video_large,10_r09.mp4,13091522,postgres,write,9,0.397647
video_medium,01-02-02-02-01-01-07_r03.mp4,6279752,mongodb,write,3,0.054314
video_medium,01-02-02-02-01-01-07_r03.mp4,6279752,postgres,write,3,0.167605
audio_small,03-01-01-01-02-01-01_r01.wav,372698,mongodb,write,1,0.006566
audio_small,03-01-01-01-02-01-01_r01.wav,372698,postgres,write,1,0.010439
video_medium,01-02-02-01-01-02-07_r05.mp4,6352195,postgres,write,5,0.151931
video_medium,01-02-02-01-01-02-07_r05.mp4,6352195,mongodb,write,5,0.058256
video_large,100014_r06.mp4,16322772,postgres,write,6,0.501721
video_large,100014_r06.mp4,16322772,mongodb,write,6,0.123181
video_large,100009_r08.mp4,17889530,mongodb,write,8,0.126468
video_large,100009_r08.mp4,17889530,postgres,write,8,0.486095
video_medium,01-02-01-01-01-02-07_r02.mp4,5457041,mongodb,write,2,0.043810
video_medium,01-02-01-01-01-02-07_r02.mp4,5457041,postgres,write,2,0.136562
audio_small,03-01-01-01-02-01-01_r02.wav,372698,postgres,write,2,0.010373
audio_small,03-01-01-01-02-01-01_r02.wav,372698,mongodb,write,2,0.007832
video_medium,01-02-02-01-01-02-07_r03.mp4,6352195,mongodb,write,3,0.050574
video_medium,01-02-02-01-01-02-07_r03.mp4,6352195,postgres,write,3,0.161090
video_large,100010_r00.mp4,12920124,postgres,write,0,0.314636
video_large,100010_r00.mp4,12920124,mongodb,write,0,0.099003
video_medium,01-02-02-02-01-02-07_r08.mp4,6330436,postgres,write,8,0.158351
video_medium,01-02-02-02-01-02-07_r08.mp4,6330436,mongodb,write,8,0.054072
video_medium,01-02-01-01-02-01-07_r06.mp4,5627582,postgres,write,6,0.144363
video_medium,01-02-01-01-02-01-07_r06.mp4,5627582,mongodb,write,6,0.044404
video_large,10_r03.mp4,13091522,postgres,write,3,0.346009
video_large,10_r03.mp4,13091522,mongodb,write,3,0.092756
video_medium,01-02-01-01-02-01-07_r07.mp4,5627582,postgres,write,7,0.159123
video_medium,01-02-01-01-02-01-07_r07.mp4,5627582,mongodb,write,7,0.047445
video_medium,01-02-01-01-01-02-07_r05.mp4,5457041,mongodb,write,5,0.046748
video_medium,01-02-01-01-01-02-07_r05.mp4,5457041,postgres,write,5,0.367009
video_large,100_r07.mp4,14102837,mongodb,write,7,0.149286
video_large,100_r07.mp4,14102837,postgres,write,7,0.369205
audio_small,03-01-02-02-01-02-01_r03.wav,444344,postgres,write,3,0.011763
audio_small,03-01-02-02-01-02-01_r03.wav,444344,mongodb,write,3,0.006821
video_large,100009_r06.mp4,17889530,mongodb,write,6,0.155132
video_large,100009_r06.mp4,17889530,postgres,write,6,0.524425
audio_small,03-01-02-01-02-01-01_r04.wav,396294,postgres,write,4,0.015635
audio_small,03-01-02-01-02-01-01_r04.wav,396294,mongodb,write,4,0.010686
audio_small,03-01-02-01-02-01-01_r06.wav,396294,mongodb,write,6,0.008538
audio_small,03-01-02-01-02-01-01_r06.wav,396294,postgres,write,6,0.010497
video_medium,01-02-01-01-01-01-07_r08.mp4,5498397,mongodb,write,8,0.081667
video_medium,01-02-01-01-01-01-07_r08.mp4,5498397,postgres,write,8,0.169244
video_large,100010_r04.mp4,12920124,mongodb,write,4,0.113795
video_large,100010_r04.mp4,12920124,postgres,write,4,0.436816
video_medium,01-02-02-01-02-01-07_r05.mp4,6046468,postgres,write,5,0.158519
video_medium,01-02-02-01-02-01-07_r05.mp4,6046468,mongodb,write,5,0.050320
video_large,1000_r04.mp4,18279099,postgres,write,4,0.448879
video_large,1000_r04.mp4,18279099,mongodb,write,4,0.201799
video_large,100014_r00.mp4,16322772,postgres,write,0,0.395992
video_large,100014_r00.mp4,16322772,mongodb,write,0,0.208244
audio_small,03-01-01-01-02-02-01_r07.wav,363108,mongodb,write,7,0.010332
audio_small,03-01-01-01-02-02-01_r07.wav,363108,postgres,write,7,0.010733
video_large,100009_r07.mp4,17889530,mongodb,write,7,0.159471
video_large,100009_r07.mp4,17889530,postgres,write,7,0.535252
video_medium,01-02-02-02-01-01-07_r01.mp4,6279752,mongodb,write,1,0.048804
video_medium,01-02-02-02-01-01-07_r01.mp4,6279752,postgres,write,1,0.163494
audio_small,03-01-02-02-01-01-01_r04.wav,415516,mongodb,write,4,0.007522
audio_small,03-01-02-02-01-01-01_r04.wav,415516,postgres,write,4,0.011730
video_large,100014_r07.mp4,16322772,mongodb,write,7,0.118799
video_large,100014_r07.mp4,16322772,postgres,write,7,0.506873
video_medium,01-02-01-01-01-02-07_r07.mp4,5457041,mongodb,write,7,0.041639
video_medium,01-02-01-01-01-02-07_r07.mp4,5457041,postgres,write,7,0.135388
video_large,10001_r09.mp4,13488132,postgres,write,9,0.383303
video_large,10001_r09.mp4,13488132,mongodb,write,9,0.113668
video_medium,01-02-02-02-01-01-07_r07.mp4,6279752,postgres,write,7,0.178880
video_medium,01-02-02-02-01-01-07_r07.mp4,6279752,mongodb,write,7,0.050359
video_medium,01-02-02-01-02-02-07_r00.mp4,6013033,mongodb,write,0,0.064637
video_medium,01-02-02-01-02-02-07_r00.mp4,6013033,postgres,write,0,0.142378
video_large,100002_r05.mp4,14896394,postgres,write,5,0.440525
video_large,100002_r05.mp4,14896394,mongodb,write,5,0.111084
video_large,100010_r03.mp4,12920124,mongodb,write,3,0.097659
video_large,100010_r03.mp4,12920124,postgres,write,3,0.480017
audio_small,03-01-02-01-02-02-01_r04.wav,393086,mongodb,write,4,0.007223
audio_small,03-01-02-01-02-02-01_r04.wav,393086,postgres,write,4,0.011441
video_large,100000_r03.mp4,11990541,postgres,write,3,0.322837
video_large,100000_r03.mp4,11990541,mongodb,write,3,0.088622
audio_small,03-01-01-01-01-01-01_r03.wav,375720,postgres,write,3,0.012935
audio_small,03-01-01-01-01-01-01_r03.wav,375720,mongodb,write,3,0.006310
audio_small,03-01-02-02-01-02-01_r09.wav,444344,postgres,write,9,0.012844
audio_small,03-01-02-02-01-02-01_r09.wav,444344,mongodb,write,9,0.007785
video_medium,01-02-02-01-01-01-07_r04.mp4,5922634,postgres,write,4,0.144593
video_medium,01-02-02-01-01-01-07_r04.mp4,5922634,mongodb,write,4,0.047740
audio_small,03-01-01-01-01-02-01_r01.wav,379106,postgres,write,1,0.010187
audio_small,03-01-01-01-01-02-01_r01.wav,379106,mongodb,write,1,0.008536
audio_small,03-01-02-02-01-02-01_r04.wav,444344,postgres,write,4,0.011097
audio_small,03-01-02-02-01-02-01_r04.wav,444344,mongodb,write,4,0.008353
video_large,10001_r07.mp4,13488132,postgres,write,7,0.379965
video_large,10001_r07.mp4,13488132,mongodb,write,7,0.114736
video_medium,01-02-01-01-01-02-07_r01.mp4,5457041,mongodb,write,1,0.045093
video_medium,01-02-01-01-01-02-07_r01.mp4,5457041,postgres,write,1,0.140380
audio_small,03-01-02-02-01-02-01_r00.wav,444344,postgres,write,0,0.011848
audio_small,03-01-02-02-01-02-01_r00.wav,444344,mongodb,write,0,0.007840
video_large,10_r08.mp4,13091522,mongodb,write,8,0.138501
video_large,10_r08.mp4,13091522,postgres,write,8,0.375281
audio_small,03-01-02-02-01-01-01_r02.wav,415516,postgres,write,2,0.010134
audio_small,03-01-02-02-01-01-01_r02.wav,415516,mongodb,write,2,0.004994
video_large,100000_r01.mp4,11990541,postgres,write,1,0.310644
video_large,100000_r01.mp4,11990541,mongodb,write,1,0.092956
video_large,100002_r02.mp4,14896394,mongodb,write,2,0.120472
video_large,100002_r02.mp4,14896394,postgres,write,2,0.466668
video_large,100002_r07.mp4,14896394,mongodb,write,7,0.117688
video_large,100002_r07.mp4,14896394,postgres,write,7,0.605971
audio_small,03-01-02-02-01-01-01_r05.wav,415516,mongodb,write,5,0.008738
audio_small,03-01-02-02-01-01-01_r05.wav,415516,postgres,write,5,0.011701
video_large,100002_r01.mp4,14896394,postgres,write,1,0.398776
video_large,100002_r01.mp4,14896394,mongodb,write,1,0.111925
video_medium,01-02-02-01-01-01-07_r08.mp4,5922634,mongodb,write,8,0.047879
video_medium,01-02-02-01-01-01-07_r08.mp4,5922634,postgres,write,8,0.159949
audio_small,03-01-02-01-02-01-01_r07.wav,396294,postgres,write,7,0.011215
audio_small,03-01-02-01-02-01-01_r07.wav,396294,mongodb,write,7,0.011267
video_large,100012_r01.mp4,19367150,mongodb,write,1,0.171240
video_large,100012_r01.mp4,19367150,postgres,write,1,0.550302
video_medium,01-02-01-01-02-01-07_r04.mp4,5627582,postgres,write,4,0.144361
video_medium,01-02-01-01-02-01-07_r04.mp4,5627582,mongodb,write,4,0.043875
video_medium,01-02-01-01-02-02-07_r05.mp4,5619255,mongodb,write,5,0.045155
video_medium,01-02-01-01-02-02-07_r05.mp4,5619255,postgres,write,5,0.161845
video_medium,01-02-02-02-01-01-07_r00.mp4,6279752,mongodb,write,0,0.050752
video_medium,01-02-02-02-01-01-07_r00.mp4,6279752,postgres,write,0,0.168731
video_large,100000_r07.mp4,11990541,mongodb,write,7,0.094856
video_large,100000_r07.mp4,11990541,postgres,write,7,0.334718
audio_small,03-01-02-01-01-02-01_r08.wav,751848,postgres,write,8,0.025577
audio_small,03-01-02-01-01-02-01_r08.wav,751848,mongodb,write,8,0.011589
video_large,100014_r01.mp4,16322772,postgres,write,1,0.405026
video_large,100014_r01.mp4,16322772,mongodb,write,1,0.121076
video_large,100012_r07.mp4,19367150,mongodb,write,7,0.144411
video_large,100012_r07.mp4,19367150,postgres,write,7,0.794608
video_large,100012_r04.mp4,19367150,postgres,write,4,0.503948
video_large,100012_r04.mp4,19367150,mongodb,write,4,0.143611
video_medium,01-02-02-01-02-02-07_r08.mp4,6013033,mongodb,write,8,0.047407
video_medium,01-02-02-01-02-02-07_r08.mp4,6013033,postgres,write,8,0.145092
video_medium,01-02-02-01-01-01-07_r03.mp4,5922634,mongodb,write,3,0.049124
video_medium,01-02-02-01-01-01-07_r03.mp4,5922634,postgres,write,3,0.154857
video_medium,01-02-01-01-02-01-07_r02.mp4,5627582,mongodb,write,2,0.049248
video_medium,01-02-01-01-02-01-07_r02.mp4,5627582,postgres,write,2,0.140525
audio_small,03-01-02-01-01-02-01_r02.wav,751848,mongodb,write,2,0.011872
audio_small,03-01-02-01-01-02-01_r02.wav,751848,postgres,write,2,0.020526
video_large,100000_r06.mp4,11990541,mongodb,write,6,0.095915
video_large,100000_r06.mp4,11990541,postgres,write,6,0.354619
video_large,10001_r05.mp4,13488132,mongodb,write,5,0.097625
video_large,10001_r05.mp4,13488132,postgres,write,5,0.366714
video_medium,01-02-02-01-01-01-07_r02.mp4,5922634,postgres,write,2,0.174144
video_medium,01-02-02-01-01-01-07_r02.mp4,5922634,mongodb,write,2,0.044303
video_medium,01-02-02-02-01-02-07_r01.mp4,6330436,postgres,write,1,0.150253
video_medium,01-02-02-02-01-02-07_r01.mp4,6330436,mongodb,write,1,0.051868
video_medium,01-02-02-02-01-02-07_r07.mp4,6330436,mongodb,write,7,0.048096
video_medium,01-02-02-02-01-02-07_r07.mp4,6330436,postgres,write,7,0.158252
video_large,100_r09.mp4,14102837,mongodb,write,9,0.130523
video_large,100_r09.mp4,14102837,postgres,write,9,0.407894
video_medium,01-02-02-01-02-01-07_r08.mp4,6046468,postgres,write,8,0.391489
video_medium,01-02-02-01-02-01-07_r08.mp4,6046468,mongodb,write,8,0.048297
audio_small,03-01-02-02-01-01-01_r09.wav,415516,postgres,write,9,0.011916
audio_small,03-01-02-02-01-01-01_r09.wav,415516,mongodb,write,9,0.006180
video_large,100002_r00.mp4,14896394,mongodb,write,0,0.108017
video_large,100002_r00.mp4,14896394,postgres,write,0,0.387212
audio_small,03-01-01-01-02-01-01_r09.wav,372698,mongodb,write,9,0.006833
audio_small,03-01-01-01-02-01-01_r09.wav,372698,postgres,write,9,0.010892
audio_small,03-01-02-01-02-02-01_r03.wav,393086,mongodb,write,3,0.006633
audio_small,03-01-02-01-02-02-01_r03.wav,393086,postgres,write,3,0.010641
video_medium,01-02-02-01-01-01-07_r09.mp4,5922634,mongodb,write,9,0.045786
video_medium,01-02-02-01-01-01-07_r09.mp4,5922634,postgres,write,9,0.158181
audio_small,03-01-02-01-01-01-01_r02.wav,399494,postgres,write,2,0.010286
audio_small,03-01-02-01-01-01-01_r02.wav,399494,mongodb,write,2,0.006153
video_large,100000_r05.mp4,11990541,postgres,write,5,0.315767
video_large,100000_r05.mp4,11990541,mongodb,write,5,0.096908
audio_small,03-01-02-02-01-01-01_r01.wav,415516,postgres,write,1,0.017497
audio_small,03-01-02-02-01-01-01_r01.wav,415516,mongodb,write,1,0.008734
video_medium,01-02-01-01-01-02-07_r09.mp4,5457041,postgres,write,9,0.147985
video_medium,01-02-01-01-01-02-07_r09.mp4,5457041,mongodb,write,9,0.041373
video_medium,01-02-02-01-02-01-07_r00.mp4,6046468,mongodb,write,0,0.049735
video_medium,01-02-02-01-02-01-07_r00.mp4,6046468,postgres,write,0,0.157128
audio_small,03-01-01-01-01-01-01_r04.wav,375720,postgres,write,4,0.009743
audio_small,03-01-01-01-01-01-01_r04.wav,375720,mongodb,write,4,0.007700
audio_small,03-01-01-01-02-02-01_r05.wav,363108,mongodb,write,5,0.005907
audio_small,03-01-01-01-02-02-01_r05.wav,363108,postgres,write,5,0.009888
audio_small,03-01-01-01-02-01-01_r05.wav,372698,mongodb,write,5,0.004746
audio_small,03-01-01-01-02-01-01_r05.wav,372698,postgres,write,5,0.009883
video_large,100014_r03.mp4,16322772,postgres,write,3,0.466786
video_large,100014_r03.mp4,16322772,mongodb,write,3,0.122184
audio_small,03-01-01-01-01-01-01_r06.wav,375720,postgres,write,6,0.009729
audio_small,03-01-01-01-01-01-01_r06.wav,375720,mongodb,write,6,0.004014
video_medium,01-02-01-01-02-02-07_r06.mp4,5619255,postgres,write,6,0.137083
video_medium,01-02-01-01-02-02-07_r06.mp4,5619255,mongodb,write,6,0.043798
video_large,100014_r04.mp4,16322772,mongodb,write,4,0.119172
video_large,100014_r04.mp4,16322772,postgres,write,4,0.495376
video_large,10_r07.mp4,13091522,postgres,write,7,0.455725
video_large,10_r07.mp4,13091522,mongodb,write,7,0.102876
audio_small,03-01-02-01-01-02-01_r05.wav,751848,postgres,write,5,0.018493
audio_small,03-01-02-01-01-02-01_r05.wav,751848,mongodb,write,5,0.011044
audio_small,03-01-02-02-01-02-01_r08.wav,444344,postgres,write,8,0.010533
audio_small,03-01-02-02-01-02-01_r08.wav,444344,mongodb,write,8,0.005311
audio_small,03-01-01-01-01-01-01_r00.wav,375720,mongodb,write,0,0.008607
audio_small,03-01-01-01-01-01-01_r00.wav,375720,postgres,write,0,0.344483
video_medium,01-02-02-02-01-01-07_r02.mp4,6279752,mongodb,write,2,0.050789
video_medium,01-02-02-02-01-01-07_r02.mp4,6279752,postgres,write,2,0.175451
audio_small,03-01-01-01-01-02-01_r02.wav,379106,postgres,write,2,0.009532
audio_small,03-01-01-01-01-02-01_r02.wav,379106,mongodb,write,2,0.004564
video_large,100010_r06.mp4,12920124,mongodb,write,6,0.101590
video_large,100010_r06.mp4,12920124,postgres,write,6,0.337121
video_large,100010_r09.mp4,12920124,mongodb,write,9,0.103827
video_large,100010_r09.mp4,12920124,postgres,write,9,0.348153
video_large,100000_r04.mp4,11990541,mongodb,write,4,0.093274
video_large,100000_r04.mp4,11990541,postgres,write,4,0.377776
video_large,100009_r03.mp4,17889530,mongodb,write,3,0.129331
video_large,100009_r03.mp4,17889530,postgres,write,3,0.502845
video_large,100010_r08.mp4,12920124,mongodb,write,8,0.103065
video_large,100010_r08.mp4,12920124,postgres,write,8,0.344867
video_large,100000_r08.mp4,11990541,postgres,write,8,0.301236
video_large,100000_r08.mp4,11990541,mongodb,write,8,0.094727
video_large,1000_r01.mp4,18279099,mongodb,write,1,0.145594
video_large,1000_r01.mp4,18279099,postgres,write,1,0.761546
video_large,10001_r08.mp4,13488132,postgres,write,8,0.364423
video_large,10001_r08.mp4,13488132,mongodb,write,8,0.098391
audio_small,03-01-02-01-01-01-01_r05.wav,399494,mongodb,write,5,0.005571
audio_small,03-01-02-01-01-01-01_r05.wav,399494,postgres,write,5,0.010436
audio_small,03-01-02-02-01-02-01_r06.wav,444344,mongodb,write,6,0.007486
audio_small,03-01-02-02-01-02-01_r06.wav,444344,postgres,write,6,0.012259
audio_small,03-01-01-01-02-02-01_r01.wav,363108,postgres,write,1,0.013035
audio_small,03-01-01-01-02-02-01_r01.wav,363108,mongodb,write,1,0.006959
audio_small,03-01-02-01-01-01-01_r03.wav,399494,postgres,write,3,0.012773
audio_small,03-01-02-01-01-01-01_r03.wav,399494,mongodb,write,3,0.005659
audio_small,03-01-01-01-02-02-01_r06.wav,363108,mongodb,write,6,0.005032
audio_small,03-01-01-01-02-02-01_r06.wav,363108,postgres,write,6,0.010609
audio_small,03-01-01-01-02-02-01_r04.wav,363108,mongodb,write,4,0.006025
audio_small,03-01-01-01-02-02-01_r04.wav,363108,postgres,write,4,0.009375
audio_small,03-01-02-02-01-02-01_r01.wav,444344,postgres,write,1,0.010922
audio_small,03-01-02-02-01-02-01_r01.wav,444344,mongodb,write,1,0.007478
video_medium,01-02-02-01-01-02-07_r09.mp4,6352195,postgres,write,9,0.171669
video_medium,01-02-02-01-01-02-07_r09.mp4,6352195,mongodb,write,9,0.057455
audio_small,03-01-02-01-02-01-01_r00.wav,396294,mongodb,write,0,0.006855
audio_small,03-01-02-01-02-01-01_r00.wav,396294,postgres,write,0,0.011187
video_medium,01-02-02-02-01-01-07_r08.mp4,6279752,mongodb,write,8,0.065920
video_medium,01-02-02-02-01-01-07_r08.mp4,6279752,postgres,write,8,0.162604
video_large,10_r04.mp4,13091522,mongodb,write,4,0.096495
video_large,10_r04.mp4,13091522,postgres,write,4,0.391834
video_medium,01-02-02-01-02-01-07_r09.mp4,6046468,mongodb,write,9,0.060185
video_medium,01-02-02-01-02-01-07_r09.mp4,6046468,postgres,write,9,0.152413
audio_small,03-01-01-01-01-02-01_r04.wav,379106,mongodb,write,4,0.005273
audio_small,03-01-01-01-01-02-01_r04.wav,379106,postgres,write,4,0.009011
audio_small,03-01-02-01-01-01-01_r04.wav,399494,mongodb,write,4,0.004100
audio_small,03-01-02-01-01-01-01_r04.wav,399494,postgres,write,4,0.009034
video_medium,01-02-01-01-01-01-07_r03.mp4,5498397,postgres,write,3,0.133266
video_medium,01-02-01-01-01-01-07_r03.mp4,5498397,mongodb,write,3,0.044975
video_medium,01-02-02-01-02-02-07_r09.mp4,6013033,mongodb,write,9,0.050807
video_medium,01-02-02-01-02-02-07_r09.mp4,6013033,postgres,write,9,0.157138
video_medium,01-02-02-01-02-02-07_r07.mp4,6013033,mongodb,write,7,0.046600
video_medium,01-02-02-01-02-02-07_r07.mp4,6013033,postgres,write,7,0.148435
video_medium,01-02-01-01-02-01-07_r05.mp4,5627582,postgres,write,5,0.156724
video_medium,01-02-01-01-02-01-07_r05.mp4,5627582,mongodb,write,5,0.051400
video_large,100000_r00.mp4,11990541,mongodb,write,0,0.099657
video_large,100000_r00.mp4,11990541,postgres,write,0,0.333062
video_medium,01-02-02-01-01-02-07_r07.mp4,6352195,postgres,write,7,0.156925
video_medium,01-02-02-01-01-02-07_r07.mp4,6352195,mongodb,write,7,0.051431
video_medium,01-02-02-02-01-02-07_r05.mp4,6330436,postgres,write,5,0.155982
video_medium,01-02-02-02-01-02-07_r05.mp4,6330436,mongodb,write,5,0.051148
video_large,1000_r06.mp4,18279099,postgres,write,6,0.556697
video_large,1000_r06.mp4,18279099,mongodb,write,6,0.132533
video_medium,01-02-01-01-02-01-07_r09.mp4,5627582,mongodb,write,9,0.047292
video_medium,01-02-01-01-02-01-07_r09.mp4,5627582,postgres,write,9,0.145737
audio_small,03-01-01-01-02-02-01_r02.wav,363108,postgres,write,2,0.011273
audio_small,03-01-01-01-02-02-01_r02.wav,363108,mongodb,write,2,0.007236
audio_small,03-01-02-01-01-01-01_r07.wav,399494,postgres,write,7,0.011124
audio_small,03-01-02-01-01-01-01_r07.wav,399494,mongodb,write,7,0.007742
video_large,10001_r06.mp4,13488132,mongodb,write,6,0.119924
video_large,10001_r06.mp4,13488132,postgres,write,6,0.368393
audio_small,03-01-02-01-02-02-01_r06.wav,393086,postgres,write,6,0.011012
audio_small,03-01-02-01-02-02-01_r06.wav,393086,mongodb,write,6,0.007561
video_large,100010_r02.mp4,12920124,postgres,read,0,0.212242
video_large,100010_r02.mp4,12920124,mongodb,read,0,0.097950
video_large,100002_r01.mp4,14896394,postgres,read,0,0.240565
video_large,100002_r01.mp4,14896394,mongodb,read,0,0.080397
audio_small,03-01-02-02-01-01-01_r05.wav,415516,postgres,read,0,0.006608
audio_small,03-01-02-02-01-01-01_r05.wav,415516,mongodb,read,0,0.003081
video_medium,01-02-02-01-02-02-07_r00.mp4,6013033,mongodb,read,0,0.039023
video_medium,01-02-02-01-02-02-07_r00.mp4,6013033,postgres,read,0,0.088864
video_medium,01-02-01-01-02-01-07_r05.mp4,5627582,postgres,read,0,0.076516
video_medium,01-02-01-01-02-01-07_r05.mp4,5627582,mongodb,read,0,0.063985
video_large,100000_r05.mp4,11990541,mongodb,read,0,0.098314
video_large,100000_r05.mp4,11990541,postgres,read,0,0.176050
video_large,100012_r09.mp4,19367150,postgres,read,0,0.309111
video_large,100012_r09.mp4,19367150,mongodb,read,0,0.201409
video_medium,01-02-01-01-02-02-07_r05.mp4,5619255,mongodb,read,0,0.034949
video_medium,01-02-01-01-02-02-07_r05.mp4,5619255,postgres,read,0,0.074409
video_large,100012_r02.mp4,19367150,mongodb,read,0,0.117663
video_large,100012_r02.mp4,19367150,postgres,read,0,0.294390
video_large,100010_r05.mp4,12920124,postgres,read,0,0.209983
video_large,100010_r05.mp4,12920124,mongodb,read,0,0.111369
video_large,100009_r06.mp4,17889530,mongodb,read,0,0.172272
video_large,100009_r06.mp4,17889530,postgres,read,0,0.309881
audio_small,03-01-02-01-02-02-01_r01.wav,393086,postgres,read,0,0.006143
audio_small,03-01-02-01-02-02-01_r01.wav,393086,mongodb,read,0,0.006480
video_medium,01-02-02-01-02-02-07_r03.mp4,6013033,mongodb,read,0,0.098400
video_medium,01-02-02-01-02-02-07_r03.mp4,6013033,postgres,read,0,0.096202
video_medium,01-02-02-01-01-02-07_r05.mp4,6352195,mongodb,read,0,0.060205
video_medium,01-02-02-01-01-02-07_r05.mp4,6352195,postgres,read,0,0.086929
audio_small,03-01-02-01-02-01-01_r00.wav,396294,postgres,read,0,0.005872
audio_small,03-01-02-01-02-01-01_r00.wav,396294,mongodb,read,0,0.003995
video_large,100014_r00.mp4,16322772,postgres,read,0,0.238437
video_large,100014_r00.mp4,16322772,mongodb,read,0,0.124197
video_medium,01-02-02-02-01-01-07_r03.mp4,6279752,postgres,read,0,0.106820
video_medium,01-02-02-02-01-01-07_r03.mp4,6279752,mongodb,read,0,0.049340
audio_small,03-01-02-02-01-02-01_r06.wav,444344,postgres,read,0,0.005760
audio_small,03-01-02-02-01-02-01_r06.wav,444344,mongodb,read,0,0.004738
video_medium,01-02-01-01-02-01-07_r07.mp4,5627582,postgres,read,0,0.079480
video_medium,01-02-01-01-02-01-07_r07.mp4,5627582,mongodb,read,0,0.046043
audio_small,03-01-02-01-02-01-01_r05.wav,396294,postgres,read,0,0.007786
audio_small,03-01-02-01-02-01-01_r05.wav,396294,mongodb,read,0,0.006828
audio_small,03-01-02-01-02-02-01_r09.wav,393086,postgres,read,0,0.009491
audio_small,03-01-02-01-02-02-01_r09.wav,393086,mongodb,read,0,0.005452
video_large,100014_r06.mp4,16322772,postgres,read,0,0.288784
video_large,100014_r06.mp4,16322772,mongodb,read,0,0.118696
audio_small,03-01-01-01-02-02-01_r07.wav,363108,postgres,read,0,0.005113
audio_small,03-01-01-01-02-02-01_r07.wav,363108,mongodb,read,0,0.003524
video_large,100009_r05.mp4,17889530,postgres,read,0,0.282980
video_large,100009_r05.mp4,17889530,mongodb,read,0,0.126861
video_medium,01-02-02-02-01-01-07_r08.mp4,6279752,mongodb,read,0,0.033702
video_medium,01-02-02-02-01-01-07_r08.mp4,6279752,postgres,read,0,0.077924
video_medium,01-02-02-01-02-02-07_r01.mp4,6013033,postgres,read,0,0.081322
video_medium,01-02-02-01-02-02-07_r01.mp4,6013033,mongodb,read,0,0.037832
video_medium,01-02-02-01-01-01-07_r08.mp4,5922634,postgres,read,0,0.086471
video_medium,01-02-02-01-01-01-07_r08.mp4,5922634,mongodb,read,0,0.048012
video_medium,01-02-02-01-01-01-07_r07.mp4,5922634,postgres,read,0,0.087625
video_medium,01-02-02-01-01-01-07_r07.mp4,5922634,mongodb,read,0,0.040330
audio_small,03-01-02-02-01-02-01_r00.wav,444344,postgres,read,0,0.005828
audio_small,03-01-02-02-01-02-01_r00.wav,444344,mongodb,read,0,0.003372
video_medium,01-02-01-01-01-02-07_r01.mp4,5457041,postgres,read,0,0.071220
video_medium,01-02-01-01-01-02-07_r01.mp4,5457041,mongodb,read,0,0.038739
audio_small,03-01-01-01-02-01-01_r08.wav,372698,mongodb,read,0,0.003785
audio_small,03-01-01-01-02-01-01_r08.wav,372698,postgres,read,0,0.006259
video_large,100014_r02.mp4,16322772,mongodb,read,0,0.117088
video_large,100014_r02.mp4,16322772,postgres,read,0,0.236993
audio_small,03-01-01-01-01-02-01_r02.wav,379106,mongodb,read,0,0.004468
audio_small,03-01-01-01-01-02-01_r02.wav,379106,postgres,read,0,0.007175
video_medium,01-02-02-01-01-02-07_r08.mp4,6352195,mongodb,read,0,0.054942
video_medium,01-02-02-01-01-02-07_r08.mp4,6352195,postgres,read,0,0.096417
video_medium,01-02-02-01-02-02-07_r08.mp4,6013033,postgres,read,0,0.072726
video_medium,01-02-02-01-02-02-07_r08.mp4,6013033,mongodb,read,0,0.035786
video_large,100000_r02.mp4,11990541,mongodb,read,0,0.091142
video_large,100000_r02.mp4,11990541,postgres,read,0,0.166716
video_medium,01-02-02-01-02-01-07_r02.mp4,6046468,mongodb,read,0,0.044005
video_medium,01-02-02-01-02-01-07_r02.mp4,6046468,postgres,read,0,0.081458
audio_small,03-01-01-01-01-01-01_r02.wav,375720,postgres,read,0,0.005948
audio_small,03-01-01-01-01-01-01_r02.wav,375720,mongodb,read,0,0.004911
video_large,10_r09.mp4,13091522,mongodb,read,0,0.093743
video_large,10_r09.mp4,13091522,postgres,read,0,0.180111
video_large,100_r06.mp4,14102837,mongodb,read,0,0.125071
video_large,100_r06.mp4,14102837,postgres,read,0,0.191451
audio_small,03-01-02-02-01-01-01_r09.wav,415516,postgres,read,0,0.007088
audio_small,03-01-02-02-01-01-01_r09.wav,415516,mongodb,read,0,0.005451
video_medium,01-02-01-01-01-01-07_r07.mp4,5498397,mongodb,read,0,0.047906
video_medium,01-02-01-01-01-01-07_r07.mp4,5498397,postgres,read,0,0.096921
audio_small,03-01-02-01-01-01-01_r05.wav,399494,mongodb,read,0,0.004980
audio_small,03-01-02-01-01-01-01_r05.wav,399494,postgres,read,0,0.259656
video_medium,01-02-02-01-01-01-07_r05.mp4,5922634,postgres,read,0,0.078811
video_medium,01-02-02-01-01-01-07_r05.mp4,5922634,mongodb,read,0,0.040964
video_large,100012_r04.mp4,19367150,mongodb,read,0,0.105372
video_large,100012_r04.mp4,19367150,postgres,read,0,0.292616
video_medium,01-02-02-02-01-02-07_r00.mp4,6330436,mongodb,read,0,0.104047
video_medium,01-02-02-02-01-02-07_r00.mp4,6330436,postgres,read,0,0.081327
audio_small,03-01-02-01-01-01-01_r00.wav,399494,mongodb,read,0,0.004881
audio_small,03-01-02-01-01-01-01_r00.wav,399494,postgres,read,0,0.005843
video_large,100014_r01.mp4,16322772,postgres,read,0,0.214960
video_large,100014_r01.mp4,16322772,mongodb,read,0,0.117051
video_medium,01-02-02-01-01-02-07_r04.mp4,6352195,postgres,read,0,0.100226
video_medium,01-02-02-01-01-02-07_r04.mp4,6352195,mongodb,read,0,0.097533
audio_small,03-01-02-01-02-02-01_r04.wav,393086,postgres,read,0,0.006764
audio_small,03-01-02-01-02-02-01_r04.wav,393086,mongodb,read,0,0.005018
audio_small,03-01-01-01-02-01-01_r00.wav,372698,postgres,read,0,0.004543
audio_small,03-01-01-01-02-01-01_r00.wav,372698,mongodb,read,0,0.004278
audio_small,03-01-01-01-02-02-01_r04.wav,363108,mongodb,read,0,0.002661
audio_small,03-01-01-01-02-02-01_r04.wav,363108,postgres,read,0,0.006408
video_large,1000_r08.mp4,18279099,postgres,read,0,0.280771
video_large,1000_r08.mp4,18279099,mongodb,read,0,0.120217
audio_small,03-01-02-01-01-01-01_r06.wav,399494,mongodb,read,0,0.003793
audio_small,03-01-02-01-01-01-01_r06.wav,399494,postgres,read,0,0.005161
audio_small,03-01-01-01-02-01-01_r03.wav,372698,mongodb,read,0,0.003991
audio_small,03-01-01-01-02-01-01_r03.wav,372698,postgres,read,0,0.006566
video_large,100009_r02.mp4,17889530,postgres,read,0,0.242334
video_large,100009_r02.mp4,17889530,mongodb,read,0,0.120856
audio_small,03-01-01-01-02-01-01_r02.wav,372698,postgres,read,0,0.008570
audio_small,03-01-01-01-02-01-01_r02.wav,372698,mongodb,read,0,0.005087
audio_small,03-01-02-01-02-02-01_r02.wav,393086,postgres,read,0,0.008100
audio_small,03-01-02-01-02-02-01_r02.wav,393086,mongodb,read,0,0.005497
audio_small,03-01-02-01-01-02-01_r04.wav,751848,postgres,read,0,0.009167
audio_small,03-01-02-01-01-02-01_r04.wav,751848,mongodb,read,0,0.006957
video_large,100009_r07.mp4,17889530,mongodb,read,0,0.128159
video_large,100009_r07.mp4,17889530,postgres,read,0,0.252994
video_large,1000_r00.mp4,18279099,mongodb,read,0,0.450384
video_large,1000_r00.mp4,18279099,postgres,read,0,0.237198
video_medium,01-02-01-01-02-01-07_r06.mp4,5627582,mongodb,read,0,0.046356
video_medium,01-02-01-01-02-01-07_r06.mp4,5627582,postgres,read,0,0.082363
video_medium,01-02-02-02-01-02-07_r05.mp4,6330436,mongodb,read,0,0.033584
video_medium,01-02-02-02-01-02-07_r05.mp4,6330436,postgres,read,0,0.092905
video_large,10001_r09.mp4,13488132,mongodb,read,0,0.095062
video_large,10001_r09.mp4,13488132,postgres,read,0,0.226150
audio_small,03-01-02-01-02-02-01_r00.wav,393086,mongodb,read,0,0.004949
audio_small,03-01-02-01-02-02-01_r00.wav,393086,postgres,read,0,0.006479
audio_small,03-01-01-01-02-02-01_r01.wav,363108,postgres,read,0,0.005949
audio_small,03-01-01-01-02-02-01_r01.wav,363108,mongodb,read,0,0.003176
video_large,100012_r05.mp4,19367150,postgres,read,0,0.262012
video_large,100012_r05.mp4,19367150,mongodb,read,0,0.128555
video_large,100014_r08.mp4,16322772,postgres,read,0,0.241938
video_large,100014_r08.mp4,16322772,mongodb,read,0,0.151240
audio_small,03-01-01-01-02-02-01_r02.wav,363108,mongodb,read,0,0.003102
audio_small,03-01-01-01-02-02-01_r02.wav,363108,postgres,read,0,0.004620
audio_small,03-01-02-02-01-02-01_r05.wav,444344,postgres,read,0,0.005886
audio_small,03-01-02-02-01-02-01_r05.wav,444344,mongodb,read,0,0.004044
video_medium,01-02-02-01-01-02-07_r07.mp4,6352195,postgres,read,0,0.082598
video_medium,01-02-02-01-01-02-07_r07.mp4,6352195,mongodb,read,0,0.036344
video_medium,01-02-01-01-01-01-07_r09.mp4,5498397,mongodb,read,0,0.061992
video_medium,01-02-01-01-01-01-07_r09.mp4,5498397,postgres,read,0,0.063399
video_large,1000_r02.mp4,18279099,postgres,read,0,0.279847
video_large,1000_r02.mp4,18279099,mongodb,read,0,0.264223
audio_small,03-01-01-01-01-02-01_r09.wav,379106,postgres,read,0,0.005636
audio_small,03-01-01-01-01-02-01_r09.wav,379106,mongodb,read,0,0.005759
video_medium,01-02-02-02-01-02-07_r03.mp4,6330436,postgres,read,0,0.073218
video_medium,01-02-02-02-01-02-07_r03.mp4,6330436,mongodb,read,0,0.069469
video_large,10001_r07.mp4,13488132,mongodb,read,0,0.085296
video_large,10001_r07.mp4,13488132,postgres,read,0,0.181857
video_medium,01-02-02-01-02-02-07_r05.mp4,6013033,postgres,read,0,0.073166
video_medium,01-02-02-01-02-02-07_r05.mp4,6013033,mongodb,read,0,0.066226
video_large,100000_r04.mp4,11990541,postgres,read,0,0.162195
video_large,100000_r04.mp4,11990541,mongodb,read,0,0.064359
video_medium,01-02-01-01-01-02-07_r07.mp4,5457041,postgres,read,0,0.070043
video_medium,01-02-01-01-01-02-07_r07.mp4,5457041,mongodb,read,0,0.038915
video_medium,01-02-01-01-02-02-07_r01.mp4,5619255,mongodb,read,0,0.034437
video_medium,01-02-01-01-02-02-07_r01.mp4,5619255,postgres,read,0,0.082192
video_large,100_r04.mp4,14102837,mongodb,read,0,0.129298
video_large,100_r04.mp4,14102837,postgres,read,0,0.198511
video_medium,01-02-02-02-01-02-07_r08.mp4,6330436,mongodb,read,0,0.046754
video_medium,01-02-02-02-01-02-07_r08.mp4,6330436,postgres,read,0,0.081223
video_medium,01-02-01-01-02-02-07_r03.mp4,5619255,postgres,read,0,0.102508
video_medium,01-02-01-01-02-02-07_r03.mp4,5619255,mongodb,read,0,0.063302
audio_small,03-01-01-01-01-02-01_r04.wav,379106,mongodb,read,0,0.003718
audio_small,03-01-01-01-01-02-01_r04.wav,379106,postgres,read,0,0.005339
video_large,10_r05.mp4,13091522,mongodb,read,0,0.078260
video_large,10_r05.mp4,13091522,postgres,read,0,0.193299
video_medium,01-02-01-01-02-01-07_r03.mp4,5627582,mongodb,read,0,0.037933
video_medium,01-02-01-01-02-01-07_r03.mp4,5627582,postgres,read,0,0.069689
video_large,10_r07.mp4,13091522,mongodb,read,0,0.096463
video_large,10_r07.mp4,13091522,postgres,read,0,0.189123
audio_small,03-01-02-02-01-01-01_r01.wav,415516,mongodb,read,0,0.005174
audio_small,03-01-02-02-01-01-01_r01.wav,415516,postgres,read,0,0.006561
audio_small,03-01-02-02-01-01-01_r06.wav,415516,mongodb,read,0,0.003556
audio_small,03-01-02-02-01-01-01_r06.wav,415516,postgres,read,0,0.005156
video_large,100002_r09.mp4,14896394,postgres,read,0,0.225423
video_large,100002_r09.mp4,14896394,mongodb,read,0,0.163087
audio_small,03-01-02-01-01-01-01_r03.wav,399494,mongodb,read,0,0.004731
audio_small,03-01-02-01-01-01-01_r03.wav,399494,postgres,read,0,0.006628
video_medium,01-02-02-01-01-01-07_r01.mp4,5922634,postgres,read,0,0.078799
video_medium,01-02-02-01-01-01-07_r01.mp4,5922634,mongodb,read,0,0.049974
video_medium,01-02-01-01-01-02-07_r09.mp4,5457041,postgres,read,0,0.073663
video_medium,01-02-01-01-01-02-07_r09.mp4,5457041,mongodb,read,0,0.037182
video_large,100009_r04.mp4,17889530,mongodb,read,0,0.161360
video_large,100009_r04.mp4,17889530,postgres,read,0,0.360493
audio_small,03-01-02-02-01-02-01_r09.wav,444344,mongodb,read,0,0.004565
audio_small,03-01-02-02-01-02-01_r09.wav,444344,postgres,read,0,0.007426
video_medium,01-02-01-01-02-02-07_r07.mp4,5619255,postgres,read,0,0.073588
video_medium,01-02-01-01-02-02-07_r07.mp4,5619255,mongodb,read,0,0.050347
audio_small,03-01-01-01-02-01-01_r04.wav,372698,postgres,read,0,0.006402
audio_small,03-01-01-01-02-01-01_r04.wav,372698,mongodb,read,0,0.006064
audio_small,03-01-02-02-01-01-01_r00.wav,415516,postgres,read,0,0.008548
audio_small,03-01-02-02-01-01-01_r00.wav,415516,mongodb,read,0,0.004739
audio_small,03-01-02-01-02-02-01_r08.wav,393086,postgres,read,0,0.005671
audio_small,03-01-02-01-02-02-01_r08.wav,393086,mongodb,read,0,0.005041
video_medium,01-02-02-01-02-02-07_r06.mp4,6013033,postgres,read,0,0.076254
video_medium,01-02-02-01-02-02-07_r06.mp4,6013033,mongodb,read,0,0.058797
video_medium,01-02-02-01-02-01-07_r09.mp4,6046468,postgres,read,0,0.105904
video_medium,01-02-02-01-02-01-07_r09.mp4,6046468,mongodb,read,0,0.039935
video_large,100014_r05.mp4,16322772,mongodb,read,0,0.156595
video_large,100014_r05.mp4,16322772,postgres,read,0,0.268349
video_large,100010_r06.mp4,12920124,postgres,read,0,0.213290
video_large,100010_r06.mp4,12920124,mongodb,read,0,0.120591
video_medium,01-02-02-02-01-01-07_r06.mp4,6279752,mongodb,read,0,0.052600
video_medium,01-02-02-02-01-01-07_r06.mp4,6279752,postgres,read,0,0.085015
video_large,100_r01.mp4,14102837,postgres,read,0,0.196566
video_large,100_r01.mp4,14102837,mongodb,read,0,0.093863
audio_small,03-01-01-01-01-01-01_r08.wav,375720,mongodb,read,0,0.005254
audio_small,03-01-01-01-01-01-01_r08.wav,375720,postgres,read,0,0.006843
video_large,100002_r08.mp4,14896394,postgres,read,0,0.197573
video_large,100002_r08.mp4,14896394,mongodb,read,0,0.119109
audio_small,03-01-01-01-01-02-01_r03.wav,379106,postgres,read,0,0.007168
audio_small,03-01-01-01-01-02-01_r03.wav,379106,mongodb,read,0,0.004379
video_large,100014_r04.mp4,16322772,postgres,read,0,0.219246
video_large,100014_r04.mp4,16322772,mongodb,read,0,0.146890
video_medium,01-02-01-01-02-02-07_r04.mp4,5619255,postgres,read,0,0.077009
video_medium,01-02-01-01-02-02-07_r04.mp4,5619255,mongodb,read,0,0.036942
video_large,10_r01.mp4,13091522,postgres,read,0,0.167575
video_large,10_r01.mp4,13091522,mongodb,read,0,0.073694
audio_small,03-01-02-01-02-01-01_r03.wav,396294,postgres,read,0,0.006938
audio_small,03-01-02-01-02-01-01_r03.wav,396294,mongodb,read,0,0.004005
video_medium,01-02-01-01-02-01-07_r02.mp4,5627582,postgres,read,0,0.070333
video_medium,01-02-01-01-02-01-07_r02.mp4,5627582,mongodb,read,0,0.041292
video_large,10_r03.mp4,13091522,mongodb,read,0,0.098974
video_large,10_r03.mp4,13091522,postgres,read,0,0.168510
video_large,100009_r09.mp4,17889530,mongodb,read,0,0.100741
video_large,100009_r09.mp4,17889530,postgres,read,0,0.282728
video_large,100010_r07.mp4,12920124,postgres,read,0,0.170505
video_large,100010_r07.mp4,12920124,mongodb,read,0,0.127335
video_medium,01-02-02-01-02-02-07_r09.mp4,6013033,postgres,read,0,0.078556
video_medium,01-02-02-01-02-02-07_r09.mp4,6013033,mongodb,read,0,0.045638
video_large,100002_r04.mp4,14896394,postgres,read,0,0.212719
video_large,100002_r04.mp4,14896394,mongodb,read,0,0.176897
audio_small,03-01-01-01-01-01-01_r00.wav,375720,mongodb,read,0,0.004691
audio_small,03-01-01-01-01-01-01_r00.wav,375720,postgres,read,0,0.006918
audio_small,03-01-01-01-02-02-01_r00.wav,363108,postgres,read,0,0.005352
audio_small,03-01-01-01-02-02-01_r00.wav,363108,mongodb,read,0,0.005969
video_large,100002_r00.mp4,14896394,postgres,read,0,0.254918
video_large,100002_r00.mp4,14896394,mongodb,read,0,0.172048
video_medium,01-02-02-01-02-01-07_r08.mp4,6046468,mongodb,read,0,0.044665
video_medium,01-02-02-01-02-01-07_r08.mp4,6046468,postgres,read,0,0.124724
video_medium,01-02-01-01-02-02-07_r09.mp4,5619255,mongodb,read,0,0.078419
video_medium,01-02-01-01-02-02-07_r09.mp4,5619255,postgres,read,0,0.137022
video_large,100009_r00.mp4,17889530,postgres,read,0,0.406079
video_large,100009_r00.mp4,17889530,mongodb,read,0,0.608459
video_large,100000_r00.mp4,11990541,postgres,read,0,0.286004
video_large,100000_r00.mp4,11990541,mongodb,read,0,0.163221
video_medium,01-02-01-01-01-02-07_r03.mp4,5457041,mongodb,read,0,0.038924
video_medium,01-02-01-01-01-02-07_r03.mp4,5457041,postgres,read,0,0.080302
audio_small,03-01-01-01-02-02-01_r08.wav,363108,mongodb,read,0,0.005091
audio_small,03-01-01-01-02-02-01_r08.wav,363108,postgres,read,0,0.006165
video_medium,01-02-02-01-02-01-07_r00.mp4,6046468,mongodb,read,0,0.038217
video_medium,01-02-02-01-02-01-07_r00.mp4,6046468,postgres,read,0,0.077879
audio_small,03-01-01-01-01-02-01_r05.wav,379106,mongodb,read,0,0.019661
audio_small,03-01-01-01-01-02-01_r05.wav,379106,postgres,read,0,0.009634
audio_small,03-01-02-01-02-01-01_r04.wav,396294,postgres,read,0,0.008324
audio_small,03-01-02-01-02-01-01_r04.wav,396294,mongodb,read,0,0.006663
video_large,100014_r09.mp4,16322772,postgres,read,0,0.279412
video_large,100014_r09.mp4,16322772,mongodb,read,0,0.129271
video_large,100_r05.mp4,14102837,mongodb,read,0,0.099882
video_large,100_r05.mp4,14102837,postgres,read,0,0.198952
video_medium,01-02-01-01-01-02-07_r08.mp4,5457041,mongodb,read,0,0.040011
video_medium,01-02-01-01-01-02-07_r08.mp4,5457041,postgres,read,0,0.067259
video_medium,01-02-01-01-01-02-07_r04.mp4,5457041,mongodb,read,0,0.037927
video_medium,01-02-01-01-01-02-07_r04.mp4,5457041,postgres,read,0,0.076568
video_medium,01-02-01-01-02-01-07_r08.mp4,5627582,mongodb,read,0,0.051838
video_medium,01-02-01-01-02-01-07_r08.mp4,5627582,postgres,read,0,0.140780
video_large,100000_r07.mp4,11990541,postgres,read,0,0.276451
video_large,100000_r07.mp4,11990541,mongodb,read,0,0.116357
video_large,100002_r06.mp4,14896394,postgres,read,0,0.607136
video_large,100002_r06.mp4,14896394,mongodb,read,0,0.296009
video_large,10001_r08.mp4,13488132,postgres,read,0,0.182107
video_large,10001_r08.mp4,13488132,mongodb,read,0,0.100662
video_medium,01-02-01-01-01-02-07_r02.mp4,5457041,mongodb,read,0,0.035513
video_medium,01-02-01-01-01-02-07_r02.mp4,5457041,postgres,read,0,0.068531
video_medium,01-02-01-01-01-01-07_r03.mp4,5498397,postgres,read,0,0.080882
video_medium,01-02-01-01-01-01-07_r03.mp4,5498397,mongodb,read,0,0.043627
audio_small,03-01-02-01-02-01-01_r08.wav,396294,postgres,read,0,0.006038
audio_small,03-01-02-01-02-01-01_r08.wav,396294,mongodb,read,0,0.007697
video_large,100_r08.mp4,14102837,mongodb,read,0,0.124142
video_large,100_r08.mp4,14102837,postgres,read,0,0.201503
audio_small,03-01-01-01-01-01-01_r05.wav,375720,mongodb,read,0,0.006058
audio_small,03-01-01-01-01-01-01_r05.wav,375720,postgres,read,0,0.005242
video_large,100009_r08.mp4,17889530,postgres,read,0,0.245314
video_large,100009_r08.mp4,17889530,mongodb,read,0,0.134661
audio_small,03-01-01-01-01-02-01_r01.wav,379106,postgres,read,0,0.006319
audio_small,03-01-01-01-01-02-01_r01.wav,379106,mongodb,read,0,0.004085
video_large,100012_r08.mp4,19367150,mongodb,read,0,0.165333
video_large,100012_r08.mp4,19367150,postgres,read,0,0.324481
video_medium,01-02-02-02-01-01-07_r04.mp4,6279752,mongodb,read,0,0.041749
video_medium,01-02-02-02-01-01-07_r04.mp4,6279752,postgres,read,0,0.095526
video_medium,01-02-02-01-01-01-07_r03.mp4,5922634,postgres,read,0,0.080911
video_medium,01-02-02-01-01-01-07_r03.mp4,5922634,mongodb,read,0,0.063219
video_medium,01-02-02-02-01-02-07_r04.mp4,6330436,postgres,read,0,0.138063
video_medium,01-02-02-02-01-02-07_r04.mp4,6330436,mongodb,read,0,0.055093
audio_small,03-01-01-01-02-01-01_r09.wav,372698,mongodb,read,0,0.003479
audio_small,03-01-01-01-02-01-01_r09.wav,372698,postgres,read,0,0.005216
audio_small,03-01-01-01-02-01-01_r05.wav,372698,mongodb,read,0,0.003670
audio_small,03-01-01-01-02-01-01_r05.wav,372698,postgres,read,0,0.006281
video_large,100014_r03.mp4,16322772,postgres,read,0,0.237341
video_large,100014_r03.mp4,16322772,mongodb,read,0,0.127704
audio_small,03-01-02-02-01-01-01_r04.wav,415516,postgres,read,0,0.006679
audio_small,03-01-02-02-01-01-01_r04.wav,415516,mongodb,read,0,0.005013
video_medium,01-02-01-01-02-01-07_r09.mp4,5627582,postgres,read,0,0.078755
video_medium,01-02-01-01-02-01-07_r09.mp4,5627582,mongodb,read,0,0.065830
video_medium,01-02-02-01-01-02-07_r09.mp4,6352195,mongodb,read,0,0.048458
video_medium,01-02-02-01-01-02-07_r09.mp4,6352195,postgres,read,0,0.092626
video_medium,01-02-02-01-02-01-07_r06.mp4,6046468,mongodb,read,0,0.080234
video_medium,01-02-02-01-02-01-07_r06.mp4,6046468,postgres,read,0,0.095472
video_large,10001_r00.mp4,13488132,mongodb,read,0,0.118802
video_large,10001_r00.mp4,13488132,postgres,read,0,0.201815
video_large,100009_r01.mp4,17889530,mongodb,read,0,0.172962
video_large,100009_r01.mp4,17889530,postgres,read,0,0.312653
video_medium,01-02-02-01-01-02-07_r06.mp4,6352195,postgres,read,0,0.080561
video_medium,01-02-02-01-01-02-07_r06.mp4,6352195,mongodb,read,0,0.043796
video_large,10001_r02.mp4,13488132,postgres,read,0,0.201473
video_large,10001_r02.mp4,13488132,mongodb,read,0,0.160534
video_medium,01-02-02-01-02-01-07_r01.mp4,6046468,mongodb,read,0,0.076039
video_medium,01-02-02-01-02-01-07_r01.mp4,6046468,postgres,read,0,0.088536
video_medium,01-02-02-02-01-02-07_r06.mp4,6330436,postgres,read,0,0.097315
video_medium,01-02-02-02-01-02-07_r06.mp4,6330436,mongodb,read,0,0.040889
video_medium,01-02-01-01-01-02-07_r05.mp4,5457041,postgres,read,0,0.066123
video_medium,01-02-01-01-01-02-07_r05.mp4,5457041,mongodb,read,0,0.043903
audio_small,03-01-02-02-01-02-01_r04.wav,444344,mongodb,read,0,0.004587
audio_small,03-01-02-02-01-02-01_r04.wav,444344,postgres,read,0,0.009529
video_medium,01-02-02-01-01-01-07_r04.mp4,5922634,postgres,read,0,0.072276
video_medium,01-02-02-01-01-01-07_r04.mp4,5922634,mongodb,read,0,0.051497
video_large,100010_r04.mp4,12920124,mongodb,read,0,0.107016
video_large,100010_r04.mp4,12920124,postgres,read,0,0.152728
video_medium,01-02-01-01-01-01-07_r01.mp4,5498397,postgres,read,0,0.063980
video_medium,01-02-01-01-01-01-07_r01.mp4,5498397,mongodb,read,0,0.044623
audio_small,03-01-02-02-01-02-01_r03.wav,444344,postgres,read,0,0.005392
audio_small,03-01-02-02-01-02-01_r03.wav,444344,mongodb,read,0,0.004329
video_medium,01-02-02-01-02-01-07_r05.mp4,6046468,postgres,read,0,0.076654
video_medium,01-02-02-01-02-01-07_r05.mp4,6046468,mongodb,read,0,0.059998
video_large,100_r02.mp4,14102837,postgres,read,0,0.202421
video_large,100_r02.mp4,14102837,mongodb,read,0,0.105873
video_large,100012_r03.mp4,19367150,mongodb,read,0,0.176098
video_large,100012_r03.mp4,19367150,postgres,read,0,0.299743
video_large,100002_r03.mp4,14896394,mongodb,read,0,0.102269
video_large,100002_r03.mp4,14896394,postgres,read,0,0.193054
video_large,100010_r01.mp4,12920124,mongodb,read,0,0.103284
video_large,100010_r01.mp4,12920124,postgres,read,0,0.166244
audio_small,03-01-02-02-01-01-01_r08.wav,415516,mongodb,read,0,0.005814
audio_small,03-01-02-02-01-01-01_r08.wav,415516,postgres,read,0,0.005911
video_medium,01-02-01-01-02-01-07_r04.mp4,5627582,mongodb,read,0,0.040845
video_medium,01-02-01-01-02-01-07_r04.mp4,5627582,postgres,read,0,0.072512
video_medium,01-02-02-02-01-01-07_r02.mp4,6279752,postgres,read,0,0.095313
video_medium,01-02-02-02-01-01-07_r02.mp4,6279752,mongodb,read,0,0.077893
video_large,100012_r01.mp4,19367150,postgres,read,0,0.281602
video_large,100012_r01.mp4,19367150,mongodb,read,0,0.451132
video_large,100010_r09.mp4,12920124,mongodb,read,0,0.088269
video_large,100010_r09.mp4,12920124,postgres,read,0,0.178329
video_medium,01-02-02-01-01-01-07_r06.mp4,5922634,postgres,read,0,0.075712
video_medium,01-02-02-01-01-01-07_r06.mp4,5922634,mongodb,read,0,0.041481
video_large,1000_r06.mp4,18279099,postgres,read,0,0.293193
video_large,1000_r06.mp4,18279099,mongodb,read,0,0.114694
audio_small,03-01-02-02-01-02-01_r08.wav,444344,mongodb,read,0,0.004741
audio_small,03-01-02-02-01-02-01_r08.wav,444344,postgres,read,0,0.008432
video_medium,01-02-02-01-01-02-07_r02.mp4,6352195,mongodb,read,0,0.060055
video_medium,01-02-02-01-01-02-07_r02.mp4,6352195,postgres,read,0,0.086154
audio_small,03-01-01-01-02-02-01_r05.wav,363108,postgres,read,0,0.006007
audio_small,03-01-01-01-02-02-01_r05.wav,363108,mongodb,read,0,0.003796
audio_small,03-01-02-01-01-02-01_r07.wav,751848,mongodb,read,0,0.005719
audio_small,03-01-02-01-01-02-01_r07.wav,751848,postgres,read,0,0.012307
video_medium,01-02-01-01-02-02-07_r08.mp4,5619255,postgres,read,0,0.072181
video_medium,01-02-01-01-02-02-07_r08.mp4,5619255,mongodb,read,0,0.037322
audio_small,03-01-02-01-02-02-01_r05.wav,393086,mongodb,read,0,0.004742
audio_small,03-01-02-01-02-02-01_r05.wav,393086,postgres,read,0,0.007168
video_medium,01-02-02-01-01-02-07_r01.mp4,6352195,mongodb,read,0,0.049407
video_medium,01-02-02-01-01-02-07_r01.mp4,6352195,postgres,read,0,0.102892
video_large,100000_r03.mp4,11990541,postgres,read,0,0.181212
video_large,100000_r03.mp4,11990541,mongodb,read,0,0.091307
video_medium,01-02-02-01-02-01-07_r07.mp4,6046468,postgres,read,0,0.079404
video_medium,01-02-02-01-02-01-07_r07.mp4,6046468,mongodb,read,0,0.044687
video_large,10001_r01.mp4,13488132,mongodb,read,0,0.131121
video_large,10001_r01.mp4,13488132,postgres,read,0,0.213665
video_large,10001_r03.mp4,13488132,postgres,read,0,0.286781
video_large,10001_r03.mp4,13488132,mongodb,read,0,0.187034
audio_small,03-01-02-01-01-02-01_r01.wav,751848,postgres,read,0,0.018008
audio_small,03-01-02-01-01-02-01_r01.wav,751848,mongodb,read,0,0.005746
video_large,10_r02.mp4,13091522,mongodb,read,0,0.197956
video_large,10_r02.mp4,13091522,postgres,read,0,0.204062
video_medium,01-02-01-01-01-01-07_r00.mp4,5498397,postgres,read,0,0.069629
video_medium,01-02-01-01-01-01-07_r00.mp4,5498397,mongodb,read,0,0.053039
audio_small,03-01-01-01-01-01-01_r03.wav,375720,mongodb,read,0,0.005816
audio_small,03-01-01-01-01-01-01_r03.wav,375720,postgres,read,0,0.005425
video_medium,01-02-02-01-02-02-07_r07.mp4,6013033,mongodb,read,0,0.082292
video_medium,01-02-02-01-02-02-07_r07.mp4,6013033,postgres,read,0,0.091170
video_large,10_r06.mp4,13091522,mongodb,read,0,0.169560
video_large,10_r06.mp4,13091522,postgres,read,0,0.181021
audio_small,03-01-02-01-02-01-01_r07.wav,396294,mongodb,read,0,0.004906
audio_small,03-01-02-01-02-01-01_r07.wav,396294,postgres,read,0,0.004825
audio_small,03-01-02-01-01-02-01_r06.wav,751848,postgres,read,0,0.011061
audio_small,03-01-02-01-01-02-01_r06.wav,751848,mongodb,read,0,0.005805
video_medium,01-02-02-02-01-01-07_r01.mp4,6279752,mongodb,read,0,0.042075
video_medium,01-02-02-02-01-01-07_r01.mp4,6279752,postgres,read,0,0.074834
video_large,10001_r06.mp4,13488132,postgres,read,0,0.204134
video_large,10001_r06.mp4,13488132,mongodb,read,0,0.107419
video_large,100002_r05.mp4,14896394,postgres,read,0,0.195505
video_large,100002_r05.mp4,14896394,mongodb,read,0,0.102527
video_large,100_r09.mp4,14102837,mongodb,read,0,0.107127
video_large,100_r09.mp4,14102837,postgres,read,0,0.221935
video_large,100012_r00.mp4,19367150,mongodb,read,0,0.133462
video_large,100012_r00.mp4,19367150,postgres,read,0,0.328540
audio_small,03-01-01-01-01-02-01_r07.wav,379106,mongodb,read,0,0.004120
audio_small,03-01-01-01-01-02-01_r07.wav,379106,postgres,read,0,0.005803
video_medium,01-02-02-02-01-01-07_r00.mp4,6279752,postgres,read,0,0.101712
video_medium,01-02-02-02-01-01-07_r00.mp4,6279752,mongodb,read,0,0.049527
video_large,100002_r07.mp4,14896394,mongodb,read,0,0.143341
video_large,100002_r07.mp4,14896394,postgres,read,0,0.187814
audio_small,03-01-02-02-01-01-01_r07.wav,415516,mongodb,read,0,0.004549
audio_small,03-01-02-02-01-01-01_r07.wav,415516,postgres,read,0,0.006427
audio_small,03-01-01-01-01-01-01_r07.wav,375720,postgres,read,0,0.005431
audio_small,03-01-01-01-01-01-01_r07.wav,375720,mongodb,read,0,0.003185
video_large,100000_r09.mp4,11990541,mongodb,read,0,0.073593
video_large,100000_r09.mp4,11990541,postgres,read,0,0.167706
video_large,10001_r05.mp4,13488132,postgres,read,0,0.165611
video_large,10001_r05.mp4,13488132,mongodb,read,0,0.089125
video_medium,01-02-02-02-01-02-07_r02.mp4,6330436,mongodb,read,0,0.060966
video_medium,01-02-02-02-01-02-07_r02.mp4,6330436,postgres,read,0,0.112944
video_large,100000_r06.mp4,11990541,postgres,read,0,0.180504
video_large,100000_r06.mp4,11990541,mongodb,read,0,0.081398
audio_small,03-01-01-01-01-01-01_r04.wav,375720,postgres,read,0,0.006475
audio_small,03-01-01-01-01-01-01_r04.wav,375720,mongodb,read,0,0.003575
video_medium,01-02-02-01-01-01-07_r00.mp4,5922634,mongodb,read,0,0.049295
video_medium,01-02-02-01-01-01-07_r00.mp4,5922634,postgres,read,0,0.090273
video_medium,01-02-02-02-01-01-07_r09.mp4,6279752,mongodb,read,0,0.043212
video_medium,01-02-02-02-01-01-07_r09.mp4,6279752,postgres,read,0,0.084539
audio_small,03-01-01-01-02-02-01_r06.wav,363108,postgres,read,0,0.005490
audio_small,03-01-01-01-02-02-01_r06.wav,363108,mongodb,read,0,0.003602
video_large,100012_r06.mp4,19367150,postgres,read,0,0.310236
video_large,100012_r06.mp4,19367150,mongodb,read,0,0.119384
video_large,100010_r08.mp4,12920124,mongodb,read,0,0.151287
video_large,100010_r08.mp4,12920124,postgres,read,0,0.203340
video_medium,01-02-01-01-02-02-07_r06.mp4,5619255,mongodb,read,0,0.067526
video_medium,01-02-01-01-02-02-07_r06.mp4,5619255,postgres,read,0,0.079208
video_large,1000_r07.mp4,18279099,postgres,read,0,0.380792
video_large,1000_r07.mp4,18279099,mongodb,read,0,0.308597
audio_small,03-01-02-01-02-01-01_r01.wav,396294,mongodb,read,0,0.005211
audio_small,03-01-02-01-02-01-01_r01.wav,396294,postgres,read,0,0.005752
audio_small,03-01-02-01-01-01-01_r04.wav,399494,mongodb,read,0,0.007591
audio_small,03-01-02-01-01-01-01_r04.wav,399494,postgres,read,0,0.013862
audio_small,03-01-02-01-01-02-01_r03.wav,751848,mongodb,read,0,0.005890
audio_small,03-01-02-01-01-02-01_r03.wav,751848,postgres,read,0,0.034541
audio_small,03-01-02-01-02-02-01_r06.wav,393086,postgres,read,0,0.011153
audio_small,03-01-02-01-02-02-01_r06.wav,393086,mongodb,read,0,0.004822
audio_small,03-01-01-01-01-02-01_r00.wav,379106,mongodb,read,0,0.006418
audio_small,03-01-01-01-01-02-01_r00.wav,379106,postgres,read,0,0.007029
audio_small,03-01-02-01-01-01-01_r09.wav,399494,mongodb,read,0,0.003445
audio_small,03-01-02-01-01-01-01_r09.wav,399494,postgres,read,0,0.006194
video_large,100002_r02.mp4,14896394,mongodb,read,0,0.127951
video_large,100002_r02.mp4,14896394,postgres,read,0,0.202166
audio_small,03-01-02-01-02-01-01_r02.wav,396294,postgres,read,0,0.006248
audio_small,03-01-02-01-02-01-01_r02.wav,396294,mongodb,read,0,0.003667
audio_small,03-01-02-01-01-01-01_r08.wav,399494,postgres,read,0,0.007439
audio_small,03-01-02-01-01-01-01_r08.wav,399494,mongodb,read,0,0.003912
audio_small,03-01-02-02-01-01-01_r02.wav,415516,postgres,read,0,0.005122
audio_small,03-01-02-02-01-01-01_r02.wav,415516,mongodb,read,0,0.003675
audio_small,03-01-02-01-01-02-01_r02.wav,751848,postgres,read,0,0.010007
audio_small,03-01-02-01-01-02-01_r02.wav,751848,mongodb,read,0,0.006104
video_medium,01-02-01-01-02-01-07_r00.mp4,5627582,postgres,read,0,0.067776
video_medium,01-02-01-01-02-01-07_r00.mp4,5627582,mongodb,read,0,0.077024
video_large,10_r08.mp4,13091522,mongodb,read,0,0.124872
video_large,10_r08.mp4,13091522,postgres,read,0,0.158140
audio_small,03-01-02-02-01-02-01_r01.wav,444344,mongodb,read,0,0.005332
audio_small,03-01-02-02-01-02-01_r01.wav,444344,postgres,read,0,0.007716
video_medium,01-02-02-01-02-01-07_r04.mp4,6046468,mongodb,read,0,0.040304
video_medium,01-02-02-01-02-01-07_r04.mp4,6046468,postgres,read,0,0.078058
video_medium,01-02-02-02-01-01-07_r07.mp4,6279752,postgres,read,0,0.073825
video_medium,01-02-02-02-01-01-07_r07.mp4,6279752,mongodb,read,0,0.051733
audio_small,03-01-01-01-01-01-01_r06.wav,375720,postgres,read,0,0.006260
audio_small,03-01-01-01-01-01-01_r06.wav,375720,mongodb,read,0,0.003918
video_large,100009_r03.mp4,17889530,postgres,read,0,0.253077
video_large,100009_r03.mp4,17889530,mongodb,read,0,0.134755
video_large,100_r03.mp4,14102837,postgres,read,0,0.183744
video_large,100_r03.mp4,14102837,mongodb,read,0,0.104266
video_medium,01-02-01-01-01-02-07_r06.mp4,5457041,mongodb,read,0,0.061019
video_medium,01-02-01-01-01-02-07_r06.mp4,5457041,postgres,read,0,0.092325
video_medium,01-02-01-01-01-01-07_r04.mp4,5498397,mongodb,read,0,0.040456
video_medium,01-02-01-01-01-01-07_r04.mp4,5498397,postgres,read,0,0.076649
video_large,1000_r03.mp4,18279099,postgres,read,0,0.277639
video_large,1000_r03.mp4,18279099,mongodb,read,0,0.131069
video_medium,01-02-02-02-01-02-07_r09.mp4,6330436,postgres,read,0,0.087821
video_medium,01-02-02-02-01-02-07_r09.mp4,6330436,mongodb,read,0,0.047626
video_large,10001_r04.mp4,13488132,mongodb,read,0,0.084020
video_large,10001_r04.mp4,13488132,postgres,read,0,0.187104
video_large,100012_r07.mp4,19367150,mongodb,read,0,0.145326
video_large,100012_r07.mp4,19367150,postgres,read,0,0.336155
video_medium,01-02-02-02-01-02-07_r01.mp4,6330436,mongodb,read,0,0.045704
video_medium,01-02-02-02-01-02-07_r01.mp4,6330436,postgres,read,0,0.079982
video_medium,01-02-01-01-02-02-07_r02.mp4,5619255,postgres,read,0,0.072854
video_medium,01-02-01-01-02-02-07_r02.mp4,5619255,mongodb,read,0,0.052447
audio_small,03-01-02-01-01-02-01_r09.wav,751848,postgres,read,0,0.014158
audio_small,03-01-02-01-01-02-01_r09.wav,751848,mongodb,read,0,0.007969
video_large,100014_r07.mp4,16322772,mongodb,read,0,0.105081
video_large,100014_r07.mp4,16322772,postgres,read,0,0.216279
video_medium,01-02-02-01-01-01-07_r02.mp4,5922634,postgres,read,0,0.076415
video_medium,01-02-02-01-01-01-07_r02.mp4,5922634,mongodb,read,0,0.045317
audio_small,03-01-02-01-02-01-01_r06.wav,396294,postgres,read,0,0.006114
audio_small,03-01-02-01-02-01-01_r06.wav,396294,mongodb,read,0,0.004425
video_large,10_r04.mp4,13091522,postgres,read,0,0.177294
video_large,10_r04.mp4,13091522,mongodb,read,0,0.096141
video_medium,01-02-01-01-02-02-07_r00.mp4,5619255,postgres,read,0,0.101167
video_medium,01-02-01-01-02-02-07_r00.mp4,5619255,mongodb,read,0,0.052913
video_medium,01-02-02-01-02-02-07_r02.mp4,6013033,postgres,read,0,0.078598
video_medium,01-02-02-01-02-02-07_r02.mp4,6013033,mongodb,read,0,0.055706
video_large,100010_r00.mp4,12920124,mongodb,read,0,0.094844
video_large,100010_r00.mp4,12920124,postgres,read,0,0.170715
video_medium,01-02-02-02-01-02-07_r07.mp4,6330436,postgres,read,0,0.077467
video_medium,01-02-02-02-01-02-07_r07.mp4,6330436,mongodb,read,0,0.042678
audio_small,03-01-01-01-01-02-01_r08.wav,379106,mongodb,read,0,0.003821
audio_small,03-01-01-01-01-02-01_r08.wav,379106,postgres,read,0,0.005783
video_medium,01-02-01-01-02-01-07_r01.mp4,5627582,mongodb,read,0,0.035147
video_medium,01-02-01-01-02-01-07_r01.mp4,5627582,postgres,read,0,0.080106
video_large,10_r00.mp4,13091522,mongodb,read,0,0.082504
video_large,10_r00.mp4,13091522,postgres,read,0,0.209828
video_medium,01-02-02-01-02-01-07_r03.mp4,6046468,postgres,read,0,0.091315
video_medium,01-02-02-01-02-01-07_r03.mp4,6046468,mongodb,read,0,0.044130
audio_small,03-01-01-01-02-01-01_r01.wav,372698,postgres,read,0,0.008091
audio_small,03-01-01-01-02-01-01_r01.wav,372698,mongodb,read,0,0.004459
audio_small,03-01-01-01-01-01-01_r01.wav,375720,postgres,read,0,0.004949
audio_small,03-01-01-01-01-01-01_r01.wav,375720,mongodb,read,0,0.003102
audio_small,03-01-02-02-01-02-01_r07.wav,444344,postgres,read,0,0.007226
audio_small,03-01-02-02-01-02-01_r07.wav,444344,mongodb,read,0,0.004521
audio_small,03-01-02-01-01-02-01_r08.wav,751848,postgres,read,0,0.011420
audio_small,03-01-02-01-01-02-01_r08.wav,751848,mongodb,read,0,0.005765
audio_small,03-01-02-02-01-02-01_r02.wav,444344,mongodb,read,0,0.003082
audio_small,03-01-02-02-01-02-01_r02.wav,444344,postgres,read,0,0.006302
video_medium,01-02-02-02-01-01-07_r05.mp4,6279752,mongodb,read,0,0.040252
video_medium,01-02-02-02-01-01-07_r05.mp4,6279752,postgres,read,0,0.080089
audio_small,03-01-02-01-01-02-01_r05.wav,751848,postgres,read,0,0.010811
audio_small,03-01-02-01-01-02-01_r05.wav,751848,mongodb,read,0,0.009109
audio_small,03-01-02-02-01-01-01_r03.wav,415516,mongodb,read,0,0.003471
audio_small,03-01-02-02-01-01-01_r03.wav,415516,postgres,read,0,0.005727
audio_small,03-01-02-01-01-01-01_r07.wav,399494,mongodb,read,0,0.003568
audio_small,03-01-02-01-01-01-01_r07.wav,399494,postgres,read,0,0.006263
video_medium,01-02-02-01-01-02-07_r03.mp4,6352195,mongodb,read,0,0.048477
video_medium,01-02-02-01-01-02-07_r03.mp4,6352195,postgres,read,0,0.078159
audio_small,03-01-02-01-02-02-01_r03.wav,393086,mongodb,read,0,0.005249
audio_small,03-01-02-01-02-02-01_r03.wav,393086,postgres,read,0,0.007481
audio_small,03-01-02-01-01-01-01_r02.wav,399494,mongodb,read,0,0.003468
audio_small,03-01-02-01-01-01-01_r02.wav,399494,postgres,read,0,0.006630
video_large,100_r00.mp4,14102837,mongodb,read,0,0.130001
video_large,100_r00.mp4,14102837,postgres,read,0,0.223532
audio_small,03-01-01-01-02-02-01_r09.wav,363108,mongodb,read,0,0.005025
audio_small,03-01-01-01-02-02-01_r09.wav,363108,postgres,read,0,0.006298
video_medium,01-02-01-01-01-01-07_r05.mp4,5498397,mongodb,read,0,0.041291
video_medium,01-02-01-01-01-01-07_r05.mp4,5498397,postgres,read,0,0.084115
audio_small,03-01-02-01-01-02-01_r00.wav,751848,postgres,read,0,0.020148
audio_small,03-01-02-01-01-02-01_r00.wav,751848,mongodb,read,0,0.017371
video_large,1000_r01.mp4,18279099,postgres,read,0,0.281557
video_large,1000_r01.mp4,18279099,mongodb,read,0,0.156189
video_large,100000_r08.mp4,11990541,mongodb,read,0,0.082191
video_large,100000_r08.mp4,11990541,postgres,read,0,0.145680
video_large,1000_r05.mp4,18279099,mongodb,read,0,0.163583
video_large,1000_r05.mp4,18279099,postgres,read,0,0.300757
video_medium,01-02-01-01-01-01-07_r08.mp4,5498397,postgres,read,0,0.088751
video_medium,01-02-01-01-01-01-07_r08.mp4,5498397,mongodb,read,0,0.049449
video_medium,01-02-02-01-01-02-07_r00.mp4,6352195,mongodb,read,0,0.066782
video_medium,01-02-02-01-01-02-07_r00.mp4,6352195,postgres,read,0,0.112455
audio_small,03-01-02-01-02-01-01_r09.wav,396294,mongodb,read,0,0.006395
audio_small,03-01-02-01-02-01-01_r09.wav,396294,postgres,read,0,0.014103
video_large,100_r07.mp4,14102837,postgres,read,0,0.208665
video_large,100_r07.mp4,14102837,mongodb,read,0,0.160447
video_medium,01-02-02-01-01-01-07_r09.mp4,5922634,postgres,read,0,0.118655
video_medium,01-02-02-01-01-01-07_r09.mp4,5922634,mongodb,read,0,0.045655
audio_small,03-01-01-01-01-02-01_r06.wav,379106,postgres,read,0,0.005166
audio_small,03-01-01-01-01-02-01_r06.wav,379106,mongodb,read,0,0.004410
video_medium,01-02-01-01-01-01-07_r02.mp4,5498397,mongodb,read,0,0.035387
video_medium,01-02-01-01-01-01-07_r02.mp4,5498397,postgres,read,0,0.082040
audio_small,03-01-01-01-02-01-01_r07.wav,372698,mongodb,read,0,0.006121
audio_small,03-01-01-01-02-01-01_r07.wav,372698,postgres,read,0,0.005997
video_large,100010_r03.mp4,12920124,postgres,read,0,0.161666
video_large,100010_r03.mp4,12920124,mongodb,read,0,0.101615
audio_small,03-01-02-01-02-02-01_r07.wav,393086,mongodb,read,0,0.006584
audio_small,03-01-02-01-02-02-01_r07.wav,393086,postgres,read,0,0.006671
audio_small,03-01-01-01-02-01-01_r06.wav,372698,mongodb,read,0,0.003714
audio_small,03-01-01-01-02-01-01_r06.wav,372698,postgres,read,0,0.004838
audio_small,03-01-02-01-01-01-01_r01.wav,399494,postgres,read,0,0.007027
audio_small,03-01-02-01-01-01-01_r01.wav,399494,mongodb,read,0,0.004903
audio_small,03-01-01-01-01-01-01_r09.wav,375720,mongodb,read,0,0.003100
audio_small,03-01-01-01-01-01-01_r09.wav,375720,postgres,read,0,0.005972
video_large,1000_r09.mp4,18279099,mongodb,read,0,0.126761
video_large,1000_r09.mp4,18279099,postgres,read,0,0.335676
video_medium,01-02-01-01-01-02-07_r00.mp4,5457041,postgres,read,0,0.120662
video_medium,01-02-01-01-01-02-07_r00.mp4,5457041,mongodb,read,0,0.075462
video_large,100000_r01.mp4,11990541,mongodb,read,0,0.090495
video_large,100000_r01.mp4,11990541,postgres,read,0,0.155944
video_large,1000_r04.mp4,18279099,postgres,read,0,0.246266
video_large,1000_r04.mp4,18279099,mongodb,read,0,0.107463
video_medium,01-02-02-01-02-02-07_r04.mp4,6013033,mongodb,read,0,0.039750
video_medium,01-02-02-01-02-02-07_r04.mp4,6013033,postgres,read,0,0.078128
audio_small,03-01-01-01-02-02-01_r03.wav,363108,postgres,read,0,0.005379
audio_small,03-01-01-01-02-02-01_r03.wav,363108,mongodb,read,0,0.005111
video_medium,01-02-01-01-01-01-07_r06.mp4,5498397,mongodb,read,0,0.043873
video_medium,01-02-01-01-01-01-07_r06.mp4,5498397,postgres,read,0,0.085778
